#2018-07-31
SELECT * from baseinfo_company where comp_id in (233,234,235);

SELECT * from baseinfo_company_brand where comp_id in (233,234,235);

SELECT * from baseinfo_company_logitics where comp_id in (233,234,235);

SELECT * from baseinfo_company_partner_0 where comp_id in (233,234,235);
SELECT * from baseinfo_company_partner_1 where comp_id in (233,234,235);
SELECT * from baseinfo_company_partner_8 where comp_id in (233,234,235);

SELECT * from baseinfo_company_partner_level_0 where comp_id in (233,234,235);
SELECT * from baseinfo_company_partner_level_1 where comp_id in (233,234,235);
SELECT * from baseinfo_company_partner_level_8 where comp_id in (233,234,235);

SELECT * from baseinfo_company_role_0 where comp_id in (233,234,235);
SELECT * from baseinfo_company_role_1 where comp_id in (233,234,235);
SELECT * from baseinfo_company_role_5 where comp_id in (233,234,235);

SELECT * from baseinfo_company_stock where comp_id in (233,234,235);
SELECT * from baseinfo_company_store where comp_id in (233,234,235);

SELECT * from baseinfo_company_store_ct_0 where comp_id in (233,234,235);
SELECT * from baseinfo_company_store_ct_1 where comp_id in (233,234,235);
SELECT * from baseinfo_company_store_ct_5 where comp_id in (233,234,235);
#公司信息
INSERT INTO `comp_central`.`baseinfo_company` (`comp_id`, `comp_name`, `comp_short_name`, `comp_memo`, `region_id`, `region_name`, `area_id`, `province`, `province_id`, `ct_ids`, `ct_names`, `city_id`, `city`, `zone`, `legal_man`, `card_front_url`, `card_back_url`, `comp_address`, `comp_zip`, `license`, `license_picurl`, `comp_linkman`, `comp_linkman_tel`, `comp_sort`, `nature`, `is_platform`, `is_verified`, `verified_reason`, `verified_time`, `status`, `admin_person_id`, `admin_person_name`, `admin_person_mobile`, `tel`, `fax`, `mail`, `website`, `memo`, `comp_chit`, `comp_balance`, `business_category`, `created_at`, `updated_at`, `created_person_id`, `updated_person_id`, `is_deleted`, `bank_name`, `bank_account_name`, `bank_account_number`, `alipay_account_name`, `wechat_account_name`, `print_size`, `bill_name`, `wechat_account_qrcode`, `wechat_account_qrcode_content`, `wechat_receipt_qrcode`, `wechat_receipt_qrcode_content`, `alipay_account_qrcode`, `alipay_account_qrcode_content`, `alipay_receipt_qrcode`, `alipay_receipt_qrcode_content`, `print_bill`, `print_warn`, `allow_negative_on_hand_sell`, `expire_date`, `version`, `pay_remark`, `pay_remark_user_name`, `pay_remark_user_id`, `pay_remark_time`, `expire_status`) VALUES ('233', NULL, '杭州菲亚特服饰有限公司', '', '0', '', '0', '浙江省', '0', '1', '一级批发商', '0', '杭州市', '滨江区', '', '', '', '江南大道1090号', '', '', '', '爱德华', '', '1', '1', '0', '0', '', '0', '1', '181', '一批体验账号', '77777777777', '', '', '', '', '', '0', '0', '1,2,3,4,5,90,91,92,93,94', '20180607112051', '20180730104533', '0', '181', '0', '杭州银行', '爱德华', '51038987899966555', '爱德华', '爱德华', '', '', '/public/uploads/0/qrcode/20180730/201807301045309738205.jpeg', 'https://u.wechat.com/MKwKzBqHzRCp25_4c5rhTfY', '/public/uploads/0/qrcode/20180618/201806182120371537220.jpeg', 'wxp://f2f0gRy9wwzK_w4KprVonDvs-rIgYAjLhGRf', '', '', '/public/uploads/0/qrcode/20180618/201806182120282219340.jpeg', 'HTTPS://QR.ALIPAY.COM/FKX01371XMMMSJWL7XW5A2', '1', '提醒：钱款、件数请当面点清，离店概不负责，货物如有缺漏、损坏、到货请即通知，次品必需七天调换，不可退款，人为因素或逾期恕不退换，多谢合作！', '1', '0', '0', '', '', '0', '0', '0');
INSERT INTO `comp_central`.`baseinfo_company` (`comp_id`, `comp_name`, `comp_short_name`, `comp_memo`, `region_id`, `region_name`, `area_id`, `province`, `province_id`, `ct_ids`, `ct_names`, `city_id`, `city`, `zone`, `legal_man`, `card_front_url`, `card_back_url`, `comp_address`, `comp_zip`, `license`, `license_picurl`, `comp_linkman`, `comp_linkman_tel`, `comp_sort`, `nature`, `is_platform`, `is_verified`, `verified_reason`, `verified_time`, `status`, `admin_person_id`, `admin_person_name`, `admin_person_mobile`, `tel`, `fax`, `mail`, `website`, `memo`, `comp_chit`, `comp_balance`, `business_category`, `created_at`, `updated_at`, `created_person_id`, `updated_person_id`, `is_deleted`, `bank_name`, `bank_account_name`, `bank_account_number`, `alipay_account_name`, `wechat_account_name`, `print_size`, `bill_name`, `wechat_account_qrcode`, `wechat_account_qrcode_content`, `wechat_receipt_qrcode`, `wechat_receipt_qrcode_content`, `alipay_account_qrcode`, `alipay_account_qrcode_content`, `alipay_receipt_qrcode`, `alipay_receipt_qrcode_content`, `print_bill`, `print_warn`, `allow_negative_on_hand_sell`, `expire_date`, `version`, `pay_remark`, `pay_remark_user_name`, `pay_remark_user_id`, `pay_remark_time`, `expire_status`) VALUES ('234', NULL, '罗胜服装', '', '0', '', '0', '浙江省', '0', '2', '二级批发商', '0', '杭州市', '江干区', '', '', '', '下沙五号大街201号', '', '', '', '张盼盼', '', '1', '1', '0', '0', '', '0', '1', '182', '吴彦祖', '77777777778', '', '', '', '', '', '0', '0', '1,2,3,4,5', '20180607112212', '20180730145916', '0', '182', '0', '中国农业银行', '张盼盼', '67801778899932223', 'ihappy_alipay', 'ihappy_wechat', '', '', '/public/uploads/0/qrcode/20180730/201807301458158448768.png', 'https://u.wechat.com/EFufzQMOpJn9DnWNK-PfLCc', '/public/uploads/0/qrcode/20180730/20180730145828864699.png', 'https://u.wechat.com/EFufzQMOpJn9DnWNK-PfLCc', '', '', '/public/uploads/0/qrcode/20180618/201806182122333518904.jpeg', 'HTTPS://QR.ALIPAY.COM/FKX01371XMMMSJWL7XW5A2', '1', '提醒：钱款、件数请当面点清，离店概不负责，货物如有缺漏、损坏、到货请即通知，次品必需七天调换，不可退款，人为因素或逾期恕不退换，多谢合作！', '1', '0', '0', '', '', '0', '0', '0');
INSERT INTO `comp_central`.`baseinfo_company` (`comp_id`, `comp_name`, `comp_short_name`, `comp_memo`, `region_id`, `region_name`, `area_id`, `province`, `province_id`, `ct_ids`, `ct_names`, `city_id`, `city`, `zone`, `legal_man`, `card_front_url`, `card_back_url`, `comp_address`, `comp_zip`, `license`, `license_picurl`, `comp_linkman`, `comp_linkman_tel`, `comp_sort`, `nature`, `is_platform`, `is_verified`, `verified_reason`, `verified_time`, `status`, `admin_person_id`, `admin_person_name`, `admin_person_mobile`, `tel`, `fax`, `mail`, `website`, `memo`, `comp_chit`, `comp_balance`, `business_category`, `created_at`, `updated_at`, `created_person_id`, `updated_person_id`, `is_deleted`, `bank_name`, `bank_account_name`, `bank_account_number`, `alipay_account_name`, `wechat_account_name`, `print_size`, `bill_name`, `wechat_account_qrcode`, `wechat_account_qrcode_content`, `wechat_receipt_qrcode`, `wechat_receipt_qrcode_content`, `alipay_account_qrcode`, `alipay_account_qrcode_content`, `alipay_receipt_qrcode`, `alipay_receipt_qrcode_content`, `print_bill`, `print_warn`, `allow_negative_on_hand_sell`, `expire_date`, `version`, `pay_remark`, `pay_remark_user_name`, `pay_remark_user_id`, `pay_remark_time`, `expire_status`) VALUES ('235', NULL, '杭州海天服装店', '', '0', '', '0', '浙江省', '0', '3', '零售商', '0', '杭州市', '江干区', '', '', '', '杭州下城区延安路309号', '', '', '', '张大海', '', '1', '1', '0', '0', '', '0', '1', '183', '沈婷婷', '77777777779', '', '', '', '', '', '0', '0', '1,2,3,4,5', '20180607112920', '20180628155754', '0', '183', '0', '中国商业银行', '张大海', '55787899954445577', '', '', '', '', '', '', '/public/uploads/0/qrcode/20180618/201806182123183894719.jpeg', 'wxp://f2f0gRy9wwzK_w4KprVonDvs-rIgYAjLhGRf', '', '', '/public/uploads/0/qrcode/20180618/201806182123117672963.jpeg', 'HTTPS://QR.ALIPAY.COM/FKX01371XMMMSJWL7XW5A2', '1', '提醒：钱款、件数请当面点清，离店概不负责，货物如有缺漏、损坏、到货请即通知，次品必需七天调换，不可退款，人为因素或逾期恕不退换，多谢合作！', '1', '0', '0', '', '', '0', '0', '0');
#品牌
INSERT INTO `comp_central`.`baseinfo_company_brand` (`brand_id`, `brand_name`, `brand_picurl`, `brand_license`, `brand_license_picurl`, `brand_memo`, `brand_sort`, `comp_id`, `created_at`, `updated_at`, `created_person_id`, `updated_person_id`, `is_deleted`) VALUES ('225', '海贝', '', '', '', NULL, '1', '233', '20180711120337', '20180711120337', '181', '0', '0');
INSERT INTO `comp_central`.`baseinfo_company_brand` (`brand_id`, `brand_name`, `brand_picurl`, `brand_license`, `brand_license_picurl`, `brand_memo`, `brand_sort`, `comp_id`, `created_at`, `updated_at`, `created_person_id`, `updated_person_id`, `is_deleted`) VALUES ('290', 'JAC', '', '', '', NULL, '1', '233', '20180720110052', '20180720110052', '181', '0', '0');
INSERT INTO `comp_central`.`baseinfo_company_brand` (`brand_id`, `brand_name`, `brand_picurl`, `brand_license`, `brand_license_picurl`, `brand_memo`, `brand_sort`, `comp_id`, `created_at`, `updated_at`, `created_person_id`, `updated_person_id`, `is_deleted`) VALUES ('319', 'ZZZZZZZZZZZZZZZZZZZZZZZZZZ', '', '', '', NULL, '1', '233', '20180725191209', '20180725200417', '181', '181', '1');
INSERT INTO `comp_central`.`baseinfo_company_brand` (`brand_id`, `brand_name`, `brand_picurl`, `brand_license`, `brand_license_picurl`, `brand_memo`, `brand_sort`, `comp_id`, `created_at`, `updated_at`, `created_person_id`, `updated_person_id`, `is_deleted`) VALUES ('320', '鄂尔多斯', '', '', '', NULL, '1', '233', '20180725191717', '20180725191717', '181', '0', '0');
INSERT INTO `comp_central`.`baseinfo_company_brand` (`brand_id`, `brand_name`, `brand_picurl`, `brand_license`, `brand_license_picurl`, `brand_memo`, `brand_sort`, `comp_id`, `created_at`, `updated_at`, `created_person_id`, `updated_person_id`, `is_deleted`) VALUES ('321', 'Jap', '', '', '', NULL, '1', '233', '20180725192042', '20180725192042', '181', '0', '0');
INSERT INTO `comp_central`.`baseinfo_company_brand` (`brand_id`, `brand_name`, `brand_picurl`, `brand_license`, `brand_license_picurl`, `brand_memo`, `brand_sort`, `comp_id`, `created_at`, `updated_at`, `created_person_id`, `updated_person_id`, `is_deleted`) VALUES ('335', '费丽尔', '', '', '', NULL, '1', '233', '20180730113919', '20180730113919', '0', '0', '0');
INSERT INTO `comp_central`.`baseinfo_company_brand` (`brand_id`, `brand_name`, `brand_picurl`, `brand_license`, `brand_license_picurl`, `brand_memo`, `brand_sort`, `comp_id`, `created_at`, `updated_at`, `created_person_id`, `updated_person_id`, `is_deleted`) VALUES ('336', '费丽尔', '', '', '', NULL, '1', '234', '20180730150310', '20180730150310', '0', '0', '0');
INSERT INTO `comp_central`.`baseinfo_company_brand` (`brand_id`, `brand_name`, `brand_picurl`, `brand_license`, `brand_license_picurl`, `brand_memo`, `brand_sort`, `comp_id`, `created_at`, `updated_at`, `created_person_id`, `updated_person_id`, `is_deleted`) VALUES ('337', '费丽尔', '', '', '', NULL, '1', '235', '20180730153127', '20180730153127', '0', '0', '0');
#合伙人
INSERT INTO `comp_central`.`baseinfo_company_partner_0` (`partner_id`, `partner_comp_id`, `partner_name`, `is_favor`, `comp_id`, `comp_name`, `partner_level_id`, `partner_memo`, `partner_type`, `sort`, `version`, `partner_arrears`, `partner_discount`, `mobile`, `created_at`, `updated_at`, `created_person_id`, `updated_person_id`, `is_deleted`, `partner_linkman`, `province`, `city`, `zone`, `partner_address`, `bank_name`, `bank_account_name`, `bank_account_number`, `mail`, `head_portrait_address`, `fax`, `tel`, `last_contact_time`, `consumption_times`, `wechat_nickname`, `forbidden`, `member_no`, `shopping_guide_id`, `store_id`, `sex`, `birthday`, `total_transaction_amount`, `is_can_edit`, `is_default`) VALUES ('4920234', '0', '默认供应商', '0', '234', '0', '0', '', '0', '1', '0', '3274486', '0', '', '20180607112212', '20180702182810', '0', '0', '0', '默认供应商', '', '', '', '', '', '', '', '', '', '', '', '20180713221517', '92', '', '0', '', '0', '0', '0', '', '0', '1', '1');
INSERT INTO `comp_central`.`baseinfo_company_partner_0` (`partner_id`, `partner_comp_id`, `partner_name`, `is_favor`, `comp_id`, `comp_name`, `partner_level_id`, `partner_memo`, `partner_type`, `sort`, `version`, `partner_arrears`, `partner_discount`, `mobile`, `created_at`, `updated_at`, `created_person_id`, `updated_person_id`, `is_deleted`, `partner_linkman`, `province`, `city`, `zone`, `partner_address`, `bank_name`, `bank_account_name`, `bank_account_number`, `mail`, `head_portrait_address`, `fax`, `tel`, `last_contact_time`, `consumption_times`, `wechat_nickname`, `forbidden`, `member_no`, `shopping_guide_id`, `store_id`, `sex`, `birthday`, `total_transaction_amount`, `is_can_edit`, `is_default`) VALUES ('10480234', '233', '王宝强', '0', '234', '0', '0', '', '0', '1', '0', '68735010', '0', '77777777777', '20180613153146', '20180724185144', '182', '0', '0', '王宝强', '', '', '', '', '', '', '', '', '', '', '', '20180730201237', '60', '', '0', '', '0', '0', '0', '', '0', '1', '0');
INSERT INTO `comp_central`.`baseinfo_company_partner_0` (`partner_id`, `partner_comp_id`, `partner_name`, `is_favor`, `comp_id`, `comp_name`, `partner_level_id`, `partner_memo`, `partner_type`, `sort`, `version`, `partner_arrears`, `partner_discount`, `mobile`, `created_at`, `updated_at`, `created_person_id`, `updated_person_id`, `is_deleted`, `partner_linkman`, `province`, `city`, `zone`, `partner_address`, `bank_name`, `bank_account_name`, `bank_account_number`, `mail`, `head_portrait_address`, `fax`, `tel`, `last_contact_time`, `consumption_times`, `wechat_nickname`, `forbidden`, `member_no`, `shopping_guide_id`, `store_id`, `sex`, `birthday`, `total_transaction_amount`, `is_can_edit`, `is_default`) VALUES ('19170234', '0', '新增供应商', '0', '234', '0', '0', '', '0', '1', '0', '16500', '0', '13868111222', '20180625212417', '20180704102218', '182', '0', '0', '', '', '', '', '', '', '', '', '', '', '', '', '20180704131244', '4', '', '0', '', '0', '0', '0', '', '0', '1', '0');
INSERT INTO `comp_central`.`baseinfo_company_partner_0` (`partner_id`, `partner_comp_id`, `partner_name`, `is_favor`, `comp_id`, `comp_name`, `partner_level_id`, `partner_memo`, `partner_type`, `sort`, `version`, `partner_arrears`, `partner_discount`, `mobile`, `created_at`, `updated_at`, `created_person_id`, `updated_person_id`, `is_deleted`, `partner_linkman`, `province`, `city`, `zone`, `partner_address`, `bank_name`, `bank_account_name`, `bank_account_number`, `mail`, `head_portrait_address`, `fax`, `tel`, `last_contact_time`, `consumption_times`, `wechat_nickname`, `forbidden`, `member_no`, `shopping_guide_id`, `store_id`, `sex`, `birthday`, `total_transaction_amount`, `is_can_edit`, `is_default`) VALUES ('4930234', '0', '散客', '0', '234', '0', '0', '', '1', '1', '0', '70200', '0', '', '20180607112212', '20180613115242', '0', '0', '0', '散客', '', '', '', '', '', '', '', '', '', '', '', '20180613115242', '9', '', '0', '', '0', '0', '0', '', '0', '1', '1');
INSERT INTO `comp_central`.`baseinfo_company_partner_0` (`partner_id`, `partner_comp_id`, `partner_name`, `is_favor`, `comp_id`, `comp_name`, `partner_level_id`, `partner_memo`, `partner_type`, `sort`, `version`, `partner_arrears`, `partner_discount`, `mobile`, `created_at`, `updated_at`, `created_person_id`, `updated_person_id`, `is_deleted`, `partner_linkman`, `province`, `city`, `zone`, `partner_address`, `bank_name`, `bank_account_name`, `bank_account_number`, `mail`, `head_portrait_address`, `fax`, `tel`, `last_contact_time`, `consumption_times`, `wechat_nickname`, `forbidden`, `member_no`, `shopping_guide_id`, `store_id`, `sex`, `birthday`, `total_transaction_amount`, `is_can_edit`, `is_default`) VALUES ('10140234', '235', '沈婷婷', '0', '234', '0', '0', '', '1', '1', '0', '38642660', '0', '77777777779', '20180613135130', '20180730151956', '182', '0', '0', '沈婷婷', '', '', '', '', '', '', '', '', '/public/uploads/0/goods/20180613/201806131351002678722.jpeg', '', '', '20180730151956', '44', '', '0', '', '0', '0', '0', '', '0', '1', '0');

INSERT INTO `comp_central`.`baseinfo_company_partner_1` (`partner_id`, `partner_comp_id`, `partner_name`, `is_favor`, `comp_id`, `comp_name`, `partner_level_id`, `partner_memo`, `partner_type`, `sort`, `version`, `partner_arrears`, `partner_discount`, `mobile`, `created_at`, `updated_at`, `created_person_id`, `updated_person_id`, `is_deleted`, `partner_linkman`, `province`, `city`, `zone`, `partner_address`, `bank_name`, `bank_account_name`, `bank_account_number`, `mail`, `fax`, `head_portrait_address`, `tel`, `last_contact_time`, `consumption_times`, `wechat_nickname`, `forbidden`, `member_no`, `shopping_guide_id`, `store_id`, `sex`, `birthday`, `total_transaction_amount`, `is_can_edit`, `is_default`) VALUES ('4940235', '0', '默认供应商', '0', '235', '0', '0', '', '0', '1', '0', '41249300', '0', '', '20180607112920', '20180615154003', '0', '0', '0', '默认供应商', '', '', '', '', '', '', '', '', '', '', '', '20180724135233', '27', '', '0', '', '0', '0', '0', '', '0', '1', '1');
INSERT INTO `comp_central`.`baseinfo_company_partner_1` (`partner_id`, `partner_comp_id`, `partner_name`, `is_favor`, `comp_id`, `comp_name`, `partner_level_id`, `partner_memo`, `partner_type`, `sort`, `version`, `partner_arrears`, `partner_discount`, `mobile`, `created_at`, `updated_at`, `created_person_id`, `updated_person_id`, `is_deleted`, `partner_linkman`, `province`, `city`, `zone`, `partner_address`, `bank_name`, `bank_account_name`, `bank_account_number`, `mail`, `fax`, `head_portrait_address`, `tel`, `last_contact_time`, `consumption_times`, `wechat_nickname`, `forbidden`, `member_no`, `shopping_guide_id`, `store_id`, `sex`, `birthday`, `total_transaction_amount`, `is_can_edit`, `is_default`) VALUES ('10490235', '234', '吴彦祖', '0', '235', '0', '0', '', '0', '1', '0', '10336600', '0', '77777777777', '20180613153237', '20180711203846', '183', '0', '0', '沈婷婷', '', '', '', '', '', '', '', '', '', '', '', '20180730153351', '15', '', '0', '', '0', '0', '0', '', '0', '1', '0');
INSERT INTO `comp_central`.`baseinfo_company_partner_1` (`partner_id`, `partner_comp_id`, `partner_name`, `is_favor`, `comp_id`, `comp_name`, `partner_level_id`, `partner_memo`, `partner_type`, `sort`, `version`, `partner_arrears`, `partner_discount`, `mobile`, `created_at`, `updated_at`, `created_person_id`, `updated_person_id`, `is_deleted`, `partner_linkman`, `province`, `city`, `zone`, `partner_address`, `bank_name`, `bank_account_name`, `bank_account_number`, `mail`, `fax`, `head_portrait_address`, `tel`, `last_contact_time`, `consumption_times`, `wechat_nickname`, `forbidden`, `member_no`, `shopping_guide_id`, `store_id`, `sex`, `birthday`, `total_transaction_amount`, `is_can_edit`, `is_default`) VALUES ('17640235', '0', '下沙王老板', '0', '235', '0', '0', '', '0', '1', '0', '400000', '0', '17389020321', '20180621102118', '20180627142551', '183', '183', '0', '王老板', '', '', '', '', '', '', '', '', '', '/public/uploads/0/goods/20180621/201806211020304218459.jpeg', '', '20180627142344', '4', '', '0', '', '0', '0', '0', '', '0', '1', '0');
INSERT INTO `comp_central`.`baseinfo_company_partner_1` (`partner_id`, `partner_comp_id`, `partner_name`, `is_favor`, `comp_id`, `comp_name`, `partner_level_id`, `partner_memo`, `partner_type`, `sort`, `version`, `partner_arrears`, `partner_discount`, `mobile`, `created_at`, `updated_at`, `created_person_id`, `updated_person_id`, `is_deleted`, `partner_linkman`, `province`, `city`, `zone`, `partner_address`, `bank_name`, `bank_account_name`, `bank_account_number`, `mail`, `fax`, `head_portrait_address`, `tel`, `last_contact_time`, `consumption_times`, `wechat_nickname`, `forbidden`, `member_no`, `shopping_guide_id`, `store_id`, `sex`, `birthday`, `total_transaction_amount`, `is_can_edit`, `is_default`) VALUES ('19990235', '0', '梁朝伟', '0', '235', '0', '0', '', '0', '1', '0', '73500', '0', '18080808080', '20180627142119', '20180629161942', '183', '0', '0', '梁朝伟', '', '', '', '', '', '', '', '', '', '', '', '20180629161942', '2', '', '0', '', '0', '0', '0', '', '0', '1', '0');
INSERT INTO `comp_central`.`baseinfo_company_partner_1` (`partner_id`, `partner_comp_id`, `partner_name`, `is_favor`, `comp_id`, `comp_name`, `partner_level_id`, `partner_memo`, `partner_type`, `sort`, `version`, `partner_arrears`, `partner_discount`, `mobile`, `created_at`, `updated_at`, `created_person_id`, `updated_person_id`, `is_deleted`, `partner_linkman`, `province`, `city`, `zone`, `partner_address`, `bank_name`, `bank_account_name`, `bank_account_number`, `mail`, `fax`, `head_portrait_address`, `tel`, `last_contact_time`, `consumption_times`, `wechat_nickname`, `forbidden`, `member_no`, `shopping_guide_id`, `store_id`, `sex`, `birthday`, `total_transaction_amount`, `is_can_edit`, `is_default`) VALUES ('4950235', '0', '散客', '0', '235', '0', '0', '', '1', '1', '0', '0', '0', '', '20180607112920', '20180607112920', '0', '0', '0', '散客', '', '', '', '', '', '', '', '', '', '', '', '0', '0', '', '0', '', '0', '0', '0', '', '0', '1', '1');
INSERT INTO `comp_central`.`baseinfo_company_partner_1` (`partner_id`, `partner_comp_id`, `partner_name`, `is_favor`, `comp_id`, `comp_name`, `partner_level_id`, `partner_memo`, `partner_type`, `sort`, `version`, `partner_arrears`, `partner_discount`, `mobile`, `created_at`, `updated_at`, `created_person_id`, `updated_person_id`, `is_deleted`, `partner_linkman`, `province`, `city`, `zone`, `partner_address`, `bank_name`, `bank_account_name`, `bank_account_number`, `mail`, `fax`, `head_portrait_address`, `tel`, `last_contact_time`, `consumption_times`, `wechat_nickname`, `forbidden`, `member_no`, `shopping_guide_id`, `store_id`, `sex`, `birthday`, `total_transaction_amount`, `is_can_edit`, `is_default`) VALUES ('10000235', '0', '刘亦菲', '0', '235', '0', '1280235', '天仙', '2', '1', '0', '0', '0', '77777777710', '20180613133154', '20180613133154', '183', '183', '0', '刘亦菲', '', '', '', '', '', '', '', '', '', '', '', '20180628151747', '9', '', '0', '10000235', '183', '2050235', '2', '2018-06-13', '0', '1', '0');
INSERT INTO `comp_central`.`baseinfo_company_partner_1` (`partner_id`, `partner_comp_id`, `partner_name`, `is_favor`, `comp_id`, `comp_name`, `partner_level_id`, `partner_memo`, `partner_type`, `sort`, `version`, `partner_arrears`, `partner_discount`, `mobile`, `created_at`, `updated_at`, `created_person_id`, `updated_person_id`, `is_deleted`, `partner_linkman`, `province`, `city`, `zone`, `partner_address`, `bank_name`, `bank_account_name`, `bank_account_number`, `mail`, `fax`, `head_portrait_address`, `tel`, `last_contact_time`, `consumption_times`, `wechat_nickname`, `forbidden`, `member_no`, `shopping_guide_id`, `store_id`, `sex`, `birthday`, `total_transaction_amount`, `is_can_edit`, `is_default`) VALUES ('17630235', '0', '王妃', '0', '235', '0', '1280235', '', '2', '1', '0', '0', '0', '13867195321', '20180621101919', '20180621101919', '183', '183', '0', '王妃', '', '', '', '', '', '', '', '', '', '', '', '0', '0', '', '0', '17630235', '183', '2050235', '0', '', '0', '1', '0');
INSERT INTO `comp_central`.`baseinfo_company_partner_1` (`partner_id`, `partner_comp_id`, `partner_name`, `is_favor`, `comp_id`, `comp_name`, `partner_level_id`, `partner_memo`, `partner_type`, `sort`, `version`, `partner_arrears`, `partner_discount`, `mobile`, `created_at`, `updated_at`, `created_person_id`, `updated_person_id`, `is_deleted`, `partner_linkman`, `province`, `city`, `zone`, `partner_address`, `bank_name`, `bank_account_name`, `bank_account_number`, `mail`, `fax`, `head_portrait_address`, `tel`, `last_contact_time`, `consumption_times`, `wechat_nickname`, `forbidden`, `member_no`, `shopping_guide_id`, `store_id`, `sex`, `birthday`, `total_transaction_amount`, `is_can_edit`, `is_default`) VALUES ('17620235', '0', '张学友', '0', '235', '0', '7190235', '', '2', '1', '0', '0', '0', '13812345678', '20180621100449', '20180621100449', '183', '183', '0', '张学友', '', '', '', '', '', '', '', '', '', '', '', '20180730154307', '10', '', '0', '17620235', '183', '2050235', '0', '', '0', '1', '0');

INSERT INTO `comp_central`.`baseinfo_company_partner_8` (`partner_id`, `partner_comp_id`, `partner_name`, `is_favor`, `comp_id`, `comp_name`, `partner_level_id`, `partner_memo`, `partner_type`, `sort`, `version`, `partner_arrears`, `partner_discount`, `mobile`, `created_at`, `updated_at`, `created_person_id`, `updated_person_id`, `is_deleted`, `partner_linkman`, `province`, `city`, `zone`, `partner_address`, `bank_name`, `bank_account_name`, `bank_account_number`, `mail`, `fax`, `head_portrait_address`, `tel`, `last_contact_time`, `consumption_times`, `wechat_nickname`, `forbidden`, `member_no`, `shopping_guide_id`, `store_id`, `sex`, `birthday`, `total_transaction_amount`, `is_can_edit`, `is_default`) VALUES ('4900233', '0', '我的工厂', '0', '233', '0', '0', '', '0', '1', '0', '58077400', '0', '', '20180607112051', '20180726171028', '0', '0', '0', '我的工厂', '', '', '', '', '', '', '', '', '', '', '', '20180725150310', '82', '', '0', '', '0', '0', '0', '', '0', '1', '1');
INSERT INTO `comp_central`.`baseinfo_company_partner_8` (`partner_id`, `partner_comp_id`, `partner_name`, `is_favor`, `comp_id`, `comp_name`, `partner_level_id`, `partner_memo`, `partner_type`, `sort`, `version`, `partner_arrears`, `partner_discount`, `mobile`, `created_at`, `updated_at`, `created_person_id`, `updated_person_id`, `is_deleted`, `partner_linkman`, `province`, `city`, `zone`, `partner_address`, `bank_name`, `bank_account_name`, `bank_account_number`, `mail`, `fax`, `head_portrait_address`, `tel`, `last_contact_time`, `consumption_times`, `wechat_nickname`, `forbidden`, `member_no`, `shopping_guide_id`, `store_id`, `sex`, `birthday`, `total_transaction_amount`, `is_can_edit`, `is_default`) VALUES ('24000233', '0', '上海厂', '0', '233', '0', '0', '', '0', '1', '0', '3800', '0', '13756978085', '20180703185607', '20180704101936', '181', '0', '0', '', '', '', '', '', '', '', '', '', '', '', '', '20180704101936', '2', '', '0', '', '0', '0', '0', '', '0', '1', '0');
INSERT INTO `comp_central`.`baseinfo_company_partner_8` (`partner_id`, `partner_comp_id`, `partner_name`, `is_favor`, `comp_id`, `comp_name`, `partner_level_id`, `partner_memo`, `partner_type`, `sort`, `version`, `partner_arrears`, `partner_discount`, `mobile`, `created_at`, `updated_at`, `created_person_id`, `updated_person_id`, `is_deleted`, `partner_linkman`, `province`, `city`, `zone`, `partner_address`, `bank_name`, `bank_account_name`, `bank_account_number`, `mail`, `fax`, `head_portrait_address`, `tel`, `last_contact_time`, `consumption_times`, `wechat_nickname`, `forbidden`, `member_no`, `shopping_guide_id`, `store_id`, `sex`, `birthday`, `total_transaction_amount`, `is_can_edit`, `is_default`) VALUES ('27630233', '0', '供应商(13111111111)', '0', '233', '0', '0', '', '0', '1', '0', '0', '0', '13111111111', '20180709134350', '20180709134350', '44', '0', '0', '供应商(13111111111)', '', '', '', '', '', '', '', '', '', '', '', '0', '0', '', '0', '', '0', '0', '0', '', '0', '1', '0');
INSERT INTO `comp_central`.`baseinfo_company_partner_8` (`partner_id`, `partner_comp_id`, `partner_name`, `is_favor`, `comp_id`, `comp_name`, `partner_level_id`, `partner_memo`, `partner_type`, `sort`, `version`, `partner_arrears`, `partner_discount`, `mobile`, `created_at`, `updated_at`, `created_person_id`, `updated_person_id`, `is_deleted`, `partner_linkman`, `province`, `city`, `zone`, `partner_address`, `bank_name`, `bank_account_name`, `bank_account_number`, `mail`, `fax`, `head_portrait_address`, `tel`, `last_contact_time`, `consumption_times`, `wechat_nickname`, `forbidden`, `member_no`, `shopping_guide_id`, `store_id`, `sex`, `birthday`, `total_transaction_amount`, `is_can_edit`, `is_default`) VALUES ('27640233', '0', '22222', '0', '233', '0', '0', '', '0', '1', '0', '0', '0', '13111111111', '20180709134424', '20180709134424', '44', '0', '0', '', '', '', '', '', '', '', '', '', '', '', '', '20180725205857', '1', '', '0', '', '0', '0', '0', '', '0', '1', '0');
INSERT INTO `comp_central`.`baseinfo_company_partner_8` (`partner_id`, `partner_comp_id`, `partner_name`, `is_favor`, `comp_id`, `comp_name`, `partner_level_id`, `partner_memo`, `partner_type`, `sort`, `version`, `partner_arrears`, `partner_discount`, `mobile`, `created_at`, `updated_at`, `created_person_id`, `updated_person_id`, `is_deleted`, `partner_linkman`, `province`, `city`, `zone`, `partner_address`, `bank_name`, `bank_account_name`, `bank_account_number`, `mail`, `fax`, `head_portrait_address`, `tel`, `last_contact_time`, `consumption_times`, `wechat_nickname`, `forbidden`, `member_no`, `shopping_guide_id`, `store_id`, `sex`, `birthday`, `total_transaction_amount`, `is_can_edit`, `is_default`) VALUES ('27650233', '0', '3233', '0', '233', '0', '0', '', '0', '1', '0', '0', '0', '13111111111', '20180709134446', '20180709134446', '44', '0', '0', '爱仕达所多', '', '', '', '', '', '', '', '', '', '', '', '0', '0', '', '0', '', '0', '0', '0', '', '0', '1', '0');
INSERT INTO `comp_central`.`baseinfo_company_partner_8` (`partner_id`, `partner_comp_id`, `partner_name`, `is_favor`, `comp_id`, `comp_name`, `partner_level_id`, `partner_memo`, `partner_type`, `sort`, `version`, `partner_arrears`, `partner_discount`, `mobile`, `created_at`, `updated_at`, `created_person_id`, `updated_person_id`, `is_deleted`, `partner_linkman`, `province`, `city`, `zone`, `partner_address`, `bank_name`, `bank_account_name`, `bank_account_number`, `mail`, `fax`, `head_portrait_address`, `tel`, `last_contact_time`, `consumption_times`, `wechat_nickname`, `forbidden`, `member_no`, `shopping_guide_id`, `store_id`, `sex`, `birthday`, `total_transaction_amount`, `is_can_edit`, `is_default`) VALUES ('4910233', '0', '散客', '0', '233', '0', '0', '', '1', '1', '0', '1460200', '0', '', '20180607112051', '20180613160148', '0', '0', '0', '散客', '', '', '', '', '', '', '', '', '', '', '', '20180613160148', '3', '', '0', '', '0', '0', '0', '', '0', '1', '1');
INSERT INTO `comp_central`.`baseinfo_company_partner_8` (`partner_id`, `partner_comp_id`, `partner_name`, `is_favor`, `comp_id`, `comp_name`, `partner_level_id`, `partner_memo`, `partner_type`, `sort`, `version`, `partner_arrears`, `partner_discount`, `mobile`, `created_at`, `updated_at`, `created_person_id`, `updated_person_id`, `is_deleted`, `partner_linkman`, `province`, `city`, `zone`, `partner_address`, `bank_name`, `bank_account_name`, `bank_account_number`, `mail`, `fax`, `head_portrait_address`, `tel`, `last_contact_time`, `consumption_times`, `wechat_nickname`, `forbidden`, `member_no`, `shopping_guide_id`, `store_id`, `sex`, `birthday`, `total_transaction_amount`, `is_can_edit`, `is_default`) VALUES ('10090233', '234', '吴彦祖', '0', '233', '0', '0', '', '1', '1', '0', '26083671', '0', '77777777778', '20180613134622', '20180720105757', '181', '0', '0', '吴彦祖', '', '', '', '', '', '', '', '', '', '/public/uploads/0/goods/20180613/201806131346203545290.jpeg', '', '20180730144914', '104', '', '0', '', '0', '0', '0', '', '0', '1', '0');
INSERT INTO `comp_central`.`baseinfo_company_partner_8` (`partner_id`, `partner_comp_id`, `partner_name`, `is_favor`, `comp_id`, `comp_name`, `partner_level_id`, `partner_memo`, `partner_type`, `sort`, `version`, `partner_arrears`, `partner_discount`, `mobile`, `created_at`, `updated_at`, `created_person_id`, `updated_person_id`, `is_deleted`, `partner_linkman`, `province`, `city`, `zone`, `partner_address`, `bank_name`, `bank_account_name`, `bank_account_number`, `mail`, `fax`, `head_portrait_address`, `tel`, `last_contact_time`, `consumption_times`, `wechat_nickname`, `forbidden`, `member_no`, `shopping_guide_id`, `store_id`, `sex`, `birthday`, `total_transaction_amount`, `is_can_edit`, `is_default`) VALUES ('31740233', '0', '金毛', '0', '233', '0', '0', '', '1', '1', '0', '0', '0', '13145206666', '20180725192732', '20180725192732', '181', '0', '0', '金毛', '', '', '', '', '', '', '', '', '', '/public/uploads/0/goods/20180725/201807251926367898298.png', '', '0', '0', '', '0', '', '0', '0', '0', '', '0', '1', '0');
INSERT INTO `comp_central`.`baseinfo_company_partner_8` (`partner_id`, `partner_comp_id`, `partner_name`, `is_favor`, `comp_id`, `comp_name`, `partner_level_id`, `partner_memo`, `partner_type`, `sort`, `version`, `partner_arrears`, `partner_discount`, `mobile`, `created_at`, `updated_at`, `created_person_id`, `updated_person_id`, `is_deleted`, `partner_linkman`, `province`, `city`, `zone`, `partner_address`, `bank_name`, `bank_account_name`, `bank_account_number`, `mail`, `fax`, `head_portrait_address`, `tel`, `last_contact_time`, `consumption_times`, `wechat_nickname`, `forbidden`, `member_no`, `shopping_guide_id`, `store_id`, `sex`, `birthday`, `total_transaction_amount`, `is_can_edit`, `is_default`) VALUES ('35800233', '0', '汪汪', '0', '233', '0', '0', '313313131', '1', '1', '0', '0', '0', '15555555555', '20180731094420', '20180731094420', '181', '0', '0', '汪汪', '', '', '', '杭州市上城区', '', '', '', '', '', '', '', '0', '0', '', '0', '', '0', '0', '0', '', '0', '1', '0');
INSERT INTO `comp_central`.`baseinfo_company_partner_8` (`partner_id`, `partner_comp_id`, `partner_name`, `is_favor`, `comp_id`, `comp_name`, `partner_level_id`, `partner_memo`, `partner_type`, `sort`, `version`, `partner_arrears`, `partner_discount`, `mobile`, `created_at`, `updated_at`, `created_person_id`, `updated_person_id`, `is_deleted`, `partner_linkman`, `province`, `city`, `zone`, `partner_address`, `bank_name`, `bank_account_name`, `bank_account_number`, `mail`, `fax`, `head_portrait_address`, `tel`, `last_contact_time`, `consumption_times`, `wechat_nickname`, `forbidden`, `member_no`, `shopping_guide_id`, `store_id`, `sex`, `birthday`, `total_transaction_amount`, `is_can_edit`, `is_default`) VALUES ('35810233', '0', '1313', '0', '233', '0', '0', '', '1', '1', '0', '0', '0', '13333333333', '20180731105510', '20180731105510', '181', '0', '0', '1313', '', '', '', '231321312312', '', '', '', '', '', '', '', '0', '0', '', '0', '', '0', '0', '0', '', '0', '1', '0');
INSERT INTO `comp_central`.`baseinfo_company_partner_8` (`partner_id`, `partner_comp_id`, `partner_name`, `is_favor`, `comp_id`, `comp_name`, `partner_level_id`, `partner_memo`, `partner_type`, `sort`, `version`, `partner_arrears`, `partner_discount`, `mobile`, `created_at`, `updated_at`, `created_person_id`, `updated_person_id`, `is_deleted`, `partner_linkman`, `province`, `city`, `zone`, `partner_address`, `bank_name`, `bank_account_name`, `bank_account_number`, `mail`, `fax`, `head_portrait_address`, `tel`, `last_contact_time`, `consumption_times`, `wechat_nickname`, `forbidden`, `member_no`, `shopping_guide_id`, `store_id`, `sex`, `birthday`, `total_transaction_amount`, `is_can_edit`, `is_default`) VALUES ('9480233', '0', '王总', '0', '233', '0', '3730233', '', '1', '1', '0', '2767606', '0', '', '20180612161001', '20180726171253', '181', '0', '0', '王总', '', '', '', '', '', '', '', '', '', '', '', '20180726171325', '45', '', '0', '', '0', '0', '0', '', '0', '1', '0');
INSERT INTO `comp_central`.`baseinfo_company_partner_8` (`partner_id`, `partner_comp_id`, `partner_name`, `is_favor`, `comp_id`, `comp_name`, `partner_level_id`, `partner_memo`, `partner_type`, `sort`, `version`, `partner_arrears`, `partner_discount`, `mobile`, `created_at`, `updated_at`, `created_person_id`, `updated_person_id`, `is_deleted`, `partner_linkman`, `province`, `city`, `zone`, `partner_address`, `bank_name`, `bank_account_name`, `bank_account_number`, `mail`, `fax`, `head_portrait_address`, `tel`, `last_contact_time`, `consumption_times`, `wechat_nickname`, `forbidden`, `member_no`, `shopping_guide_id`, `store_id`, `sex`, `birthday`, `total_transaction_amount`, `is_can_edit`, `is_default`) VALUES ('31730233', '0', '汪总', '0', '233', '0', '3730233', '', '1', '1', '0', '999999900', '0', '13888888888', '20180725192557', '20180725192557', '181', '0', '0', '汪总', '', '', '', '', '', '', '', '', '', '/public/uploads/0/goods/20180725/20180725192507528817.png', '', '0', '0', '', '0', '', '0', '0', '0', '', '0', '1', '0');
INSERT INTO `comp_central`.`baseinfo_company_partner_8` (`partner_id`, `partner_comp_id`, `partner_name`, `is_favor`, `comp_id`, `comp_name`, `partner_level_id`, `partner_memo`, `partner_type`, `sort`, `version`, `partner_arrears`, `partner_discount`, `mobile`, `created_at`, `updated_at`, `created_person_id`, `updated_person_id`, `is_deleted`, `partner_linkman`, `province`, `city`, `zone`, `partner_address`, `bank_name`, `bank_account_name`, `bank_account_number`, `mail`, `fax`, `head_portrait_address`, `tel`, `last_contact_time`, `consumption_times`, `wechat_nickname`, `forbidden`, `member_no`, `shopping_guide_id`, `store_id`, `sex`, `birthday`, `total_transaction_amount`, `is_can_edit`, `is_default`) VALUES ('31750233', '0', '马云', '0', '233', '0', '3730233', '', '1', '1', '0', '9999999999999900', '0', '13999999999', '20180725202335', '20180725202335', '181', '0', '0', '马云', '', '', '', '', '', '', '', '', '', '/public/uploads/0/goods/20180725/20180725202238953086.jpeg', '', '0', '0', '', '0', '', '0', '0', '0', '', '0', '1', '0');
#会员等级
INSERT INTO `comp_central`.`baseinfo_company_partner_level_0` (`partner_level_id`, `comp_id`, `store_id`, `partner_level`, `partner_memo`, `partner_type`, `discount`, `sort`, `created_at`, `updated_at`, `created_person_id`, `updated_person_id`, `is_deleted`, `reference_count`, `is_default`, `is_can_edit`) VALUES ('1240234', '234', '0', 'VIP', '', '0', '100', '1', '20180607112212', '20180607112212', '0', '0', '0', '0', '0', '1');

INSERT INTO `comp_central`.`baseinfo_company_partner_level_1` (`partner_level_id`, `comp_id`, `store_id`, `partner_level`, `partner_memo`, `partner_type`, `discount`, `sort`, `created_at`, `updated_at`, `created_person_id`, `updated_person_id`, `is_deleted`, `reference_count`, `is_default`, `is_can_edit`) VALUES ('1280235', '235', '0', 'VIP', '', '0', '100', '1', '20180607112920', '20180607112920', '0', '0', '0', '0', '0', '1');
INSERT INTO `comp_central`.`baseinfo_company_partner_level_1` (`partner_level_id`, `comp_id`, `store_id`, `partner_level`, `partner_memo`, `partner_type`, `discount`, `sort`, `created_at`, `updated_at`, `created_person_id`, `updated_person_id`, `is_deleted`, `reference_count`, `is_default`, `is_can_edit`) VALUES ('7190235', '235', '0', 'VIP2', '', '1', '90', '1', '20180621100434', '20180621100434', '183', '0', '0', '0', '0', '1');

INSERT INTO `comp_central`.`baseinfo_company_partner_level_8` (`partner_level_id`, `comp_id`, `store_id`, `partner_level`, `partner_memo`, `partner_type`, `discount`, `sort`, `created_at`, `updated_at`, `created_person_id`, `updated_person_id`, `is_deleted`, `reference_count`, `is_default`, `is_can_edit`) VALUES ('1230233', '233', '0', 'VIP', '', '0', '100', '1', '20180607112051', '20180607112051', '0', '0', '0', '0', '0', '1');
INSERT INTO `comp_central`.`baseinfo_company_partner_level_8` (`partner_level_id`, `comp_id`, `store_id`, `partner_level`, `partner_memo`, `partner_type`, `discount`, `sort`, `created_at`, `updated_at`, `created_person_id`, `updated_person_id`, `is_deleted`, `reference_count`, `is_default`, `is_can_edit`) VALUES ('3730233', '233', '0', 'VIP2', '', '1', '50', '1', '20180612160938', '20180612160938', '181', '0', '0', '0', '0', '1');
#角色
INSERT INTO `comp_central`.`baseinfo_company_role_0` (`role_id`, `role_name`, `role_no`, `role_memo`, `role_rights`, `role_sort`, `is_hide`, `comp_id`, `created_at`, `updated_at`, `created_person_id`, `updated_person_id`, `is_deleted`, `is_default`) VALUES ('3620234', '合伙人', '1', '合伙人', '[{\"ctId\":\"1\",\"clId\":\"2\",\"func\":\"2,3,4,5,6,14,15,16,17,18,20,22,23,24,25,26,28,29,30,31,32,33,35,36,37,38,39,40,41,42,43,44,45,46,47,48,49,50,51,52,53,54,55,56,57,58,59,60,61,62,63,183,191\"},{\"ctId\":\"2\",\"clId\":\"2\",\"func\":\"65,66,67,68,73,75,76,77,78,79,80,82,83,84,85,86,87,88,89,90,91,92,94,95,96,97,98,99,100,101,102,103,104,105,106,107,108,109,110,111,112,113,114,115,116,117,118,119,120,121,122,184,192\"},{\"ctId\":\"3\",\"clId\":\"2\",\"func\":\"124,125,126,127,128,132,134,135,136,137,138,139,146,147,148,149,150,151,152,153,154,155,156,157,158,159,160,161,162,163,164,165,166,167,168,169,170,171,172,173,174,175,176,177,178,179,180,181,185,186,187,188,194,195\"}]', '1', '0', '234', '20180607112212', '20180607112212', '0', '0', '0', '0');
INSERT INTO `comp_central`.`baseinfo_company_role_0` (`role_id`, `role_name`, `role_no`, `role_memo`, `role_rights`, `role_sort`, `is_hide`, `comp_id`, `created_at`, `updated_at`, `created_person_id`, `updated_person_id`, `is_deleted`, `is_default`) VALUES ('3630234', '店长', '2', '店长', '[{\"ctId\":\"1\",\"clId\":\"2\",\"func\":\"3,4,5,6,7,14,15,16,17,18,22,23,24,25,26,28,29,30,31,32,33,34,35,36,37,38,39,40,41,42,43,44,45,46,47,48,49,50,51,52,53,54,55,56,57,58,59,60,61,62,63,183,191\"},{\"ctId\":\"2\",\"clId\":\"2\",\"func\":\"65,66,67,68,69,75,76,77,78,79,80,82,83,84,85,86,87,88,89,90,91,92,93,94,95,96,97,98,99,100,101,102,103,104,105,106,107,108,109,110,111,112,113,114,115,116,117,118,119,120,121,122,184,192\"},{\"ctId\":\"3\",\"clId\":\"2\",\"func\":\"126,127,128,130,132,133,134,135,136,137,138,139,146,147,148,149,150,151,152,153,154,155,156,157,158,159,160,161,162,163,164,165,166,167,168,169,170,171,172,173,174,175,176,177,178,179,180,181,185,186,187,188,194,195\"}]', '1', '1', '234', '20180607112212', '20180607112212', '0', '0', '0', '0');
INSERT INTO `comp_central`.`baseinfo_company_role_0` (`role_id`, `role_name`, `role_no`, `role_memo`, `role_rights`, `role_sort`, `is_hide`, `comp_id`, `created_at`, `updated_at`, `created_person_id`, `updated_person_id`, `is_deleted`, `is_default`) VALUES ('3640234', '店员', '3', '店员', '[{\"ctId\":\"1\",\"clId\":\"2\",\"func\":\"5,7,8,9,10,22,26,28,29,31,34,35,36,37,40,42,43,44,46,55,56,57,60,61,62\"},{\"ctId\":\"2\",\"clId\":\"2\",\"func\":\"67,69,70,71,72,82,86,87,88,90,93,94,95,96,99,101,102,103,105,114,115,116,119,120,121\"},{\"ctId\":\"3\",\"clId\":\"2\",\"func\":\"126,128,130,133,146,147,149,152,153,154,155,158,160,161,162,164,173,174,175,178,179,180,186,187,188,195\"}]', '1', '1', '234', '20180607112212', '20180607112212', '0', '0', '0', '0');
INSERT INTO `comp_central`.`baseinfo_company_role_0` (`role_id`, `role_name`, `role_no`, `role_memo`, `role_rights`, `role_sort`, `is_hide`, `comp_id`, `created_at`, `updated_at`, `created_person_id`, `updated_person_id`, `is_deleted`, `is_default`) VALUES ('3650234', '商品管理员', '5', '商品管理员', '[{\"ctId\":\"1\",\"clId\":\"2\",\"func\":\"183,5,35,36,37,38,39,40,41,42,43,44,46,55,56,57,59\"},{\"ctId\":\"2\",\"clId\":\"2\",\"func\":\"184,67,94,95,96,97,98,99,100,101,102,103,105,114,115,116,118\"},{\"ctId\":\"3\",\"clId\":\"2\",\"func\":\"185,126,153,154,155,156,157,158,159,160,161,162,164,173,174,175\"}]', '1', '1', '234', '20180607112212', '20180607112212', '0', '0', '0', '0');

INSERT INTO `comp_central`.`baseinfo_company_role_1` (`role_id`, `role_name`, `role_no`, `role_memo`, `role_rights`, `role_sort`, `is_hide`, `comp_id`, `created_at`, `updated_at`, `created_person_id`, `updated_person_id`, `is_deleted`, `is_default`) VALUES ('3660235', '合伙人', '1', '合伙人', '[{\"ctId\":3,\"clId\":2,\"func\":\"258,261,264,267,124,125,126,127,128,129,130,132,133,134,135,136,137,138,139,146,147,148,149,150,151,152,153,237,239,241,243,154,155,156,157,158,159,160,161,162,163,164,165,166,168,169,170,171,172,173,174,175,176,177,179,180,182,186,187,188,194,195,203,206,209,212,215,218,221,226,227,230,246,252,255\"}]', '1', '0', '235', '20180607112920', '20180718093954', '0', '183', '1', '0');
INSERT INTO `comp_central`.`baseinfo_company_role_1` (`role_id`, `role_name`, `role_no`, `role_memo`, `role_rights`, `role_sort`, `is_hide`, `comp_id`, `created_at`, `updated_at`, `created_person_id`, `updated_person_id`, `is_deleted`, `is_default`) VALUES ('3670235', '店长', '2', '店长', '[{\"ctId\":3,\"clId\":2,\"func\":\"126,127,128,130,132,133,134,135,136,137,138,139,146,147,148,149,150,151,152,153,237,239,154,155,156,157,158,159,160,161,162,163,164,165,166,168,169,170,171,172,173,174,175,176,177,179,180,185,186,187,188,194,195\"}]', '1', '1', '235', '20180607112920', '20180617114707', '0', '183', '0', '0');
INSERT INTO `comp_central`.`baseinfo_company_role_1` (`role_id`, `role_name`, `role_no`, `role_memo`, `role_rights`, `role_sort`, `is_hide`, `comp_id`, `created_at`, `updated_at`, `created_person_id`, `updated_person_id`, `is_deleted`, `is_default`) VALUES ('3680235', '店员', '3', '店员', '[{\"ctId\":\"1\",\"clId\":\"2\",\"func\":\"5,7,8,9,10,22,26,28,29,31,34,35,36,37,40,42,43,44,46,55,56,57,60,61,62\"},{\"ctId\":\"2\",\"clId\":\"2\",\"func\":\"67,69,70,71,72,82,86,87,88,90,93,94,95,96,99,101,102,103,105,114,115,116,119,120,121\"},{\"ctId\":\"3\",\"clId\":\"2\",\"func\":\"126,128,130,133,146,147,149,152,153,154,155,158,160,161,162,164,173,174,175,178,179,180,186,187,188,195\"}]', '1', '1', '235', '20180607112920', '20180607112920', '0', '0', '0', '0');
INSERT INTO `comp_central`.`baseinfo_company_role_1` (`role_id`, `role_name`, `role_no`, `role_memo`, `role_rights`, `role_sort`, `is_hide`, `comp_id`, `created_at`, `updated_at`, `created_person_id`, `updated_person_id`, `is_deleted`, `is_default`) VALUES ('3690235', '商品管理员', '5', '商品管理员', '[{\"ctId\":3,\"clId\":2,\"func\":\"258,261,264,267,124,125,126,127,128,129,130,132,133,134,135,136,137,138,139,146,147,148,149,150,151,152,153,237,239,241,243,154,155,156,157,158,159,160,161,162,163,164,165,166,168,169,170,171,172,173,174,175,176,177,179,180,182,186,187,188,194,195,203,206,209,212,215,218,221,226,227,230,246,252,255\"}]', '1', '1', '235', '20180607112920', '20180629193244', '0', '183', '0', '0');

INSERT INTO `comp_central`.`baseinfo_company_role_5` (`role_id`, `role_name`, `role_no`, `role_memo`, `role_rights`, `role_sort`, `is_hide`, `comp_id`, `created_at`, `updated_at`, `created_person_id`, `updated_person_id`, `is_deleted`, `is_default`) VALUES ('3570233', '合伙人', '1', '合伙人', '[{\"ctId\":1,\"clId\":2,\"func\":\"2,3,4,5,6,14,15,16,17,18,20,22,23,24,25,26,35,36,37,38,39,40,41,42,43,44,45,46,47,48,49,50,51,52,53,54,55,56,57,58,59,60,61,62,63,183,191,228\"}]', '1', '0', '233', '20180607112051', '20180613213641', '0', '181', '0', '0');
INSERT INTO `comp_central`.`baseinfo_company_role_5` (`role_id`, `role_name`, `role_no`, `role_memo`, `role_rights`, `role_sort`, `is_hide`, `comp_id`, `created_at`, `updated_at`, `created_person_id`, `updated_person_id`, `is_deleted`, `is_default`) VALUES ('3580233', '店长', '2', '店长', '[{\"ctId\":\"1\",\"clId\":\"2\",\"func\":\"3,4,5,6,7,14,15,16,17,18,22,23,24,25,26,28,29,30,31,32,33,34,35,36,37,38,39,40,41,42,43,44,45,46,47,48,49,50,51,52,53,54,55,56,57,58,59,60,61,62,63,183,191\"},{\"ctId\":\"2\",\"clId\":\"2\",\"func\":\"65,66,67,68,69,75,76,77,78,79,80,82,83,84,85,86,87,88,89,90,91,92,93,94,95,96,97,98,99,100,101,102,103,104,105,106,107,108,109,110,111,112,113,114,115,116,117,118,119,120,121,122,184,192\"},{\"ctId\":\"3\",\"clId\":\"2\",\"func\":\"126,127,128,130,132,133,134,135,136,137,138,139,146,147,148,149,150,151,152,153,154,155,156,157,158,159,160,161,162,163,164,165,166,167,168,169,170,171,172,173,174,175,176,177,178,179,180,181,185,186,187,188,194,195\"}]', '1', '1', '233', '20180607112051', '20180607112051', '0', '0', '0', '0');
INSERT INTO `comp_central`.`baseinfo_company_role_5` (`role_id`, `role_name`, `role_no`, `role_memo`, `role_rights`, `role_sort`, `is_hide`, `comp_id`, `created_at`, `updated_at`, `created_person_id`, `updated_person_id`, `is_deleted`, `is_default`) VALUES ('3590233', '店员', '3', '店员', '[{\"ctId\":\"1\",\"clId\":\"2\",\"func\":\"5,7,8,9,10,22,26,28,29,31,34,35,36,37,40,42,43,44,46,55,56,57,60,61,62\"},{\"ctId\":\"2\",\"clId\":\"2\",\"func\":\"67,69,70,71,72,82,86,87,88,90,93,94,95,96,99,101,102,103,105,114,115,116,119,120,121\"},{\"ctId\":\"3\",\"clId\":\"2\",\"func\":\"126,128,130,133,146,147,149,152,153,154,155,158,160,161,162,164,173,174,175,178,179,180,186,187,188,195\"}]', '1', '1', '233', '20180607112051', '20180607112051', '0', '0', '0', '0');
INSERT INTO `comp_central`.`baseinfo_company_role_5` (`role_id`, `role_name`, `role_no`, `role_memo`, `role_rights`, `role_sort`, `is_hide`, `comp_id`, `created_at`, `updated_at`, `created_person_id`, `updated_person_id`, `is_deleted`, `is_default`) VALUES ('3600233', '工厂管理员', '4', '工厂管理员', '[{\"ctId\":\"1\",\"clId\":\"2\",\"func\":\"2,20,183,42,43,44,46,56\"}]', '1', '1', '233', '20180607112051', '20180607112051', '0', '0', '0', '0');
INSERT INTO `comp_central`.`baseinfo_company_role_5` (`role_id`, `role_name`, `role_no`, `role_memo`, `role_rights`, `role_sort`, `is_hide`, `comp_id`, `created_at`, `updated_at`, `created_person_id`, `updated_person_id`, `is_deleted`, `is_default`) VALUES ('3610233', '商品管理员', '5', '商品管理员', '[{\"ctId\":\"1\",\"clId\":\"2\",\"func\":\"183,5,35,36,37,38,39,40,41,42,43,44,46,55,56,57,59\"},{\"ctId\":\"2\",\"clId\":\"2\",\"func\":\"184,67,94,95,96,97,98,99,100,101,102,103,105,114,115,116,118\"},{\"ctId\":\"3\",\"clId\":\"2\",\"func\":\"185,126,153,154,155,156,157,158,159,160,161,162,164,173,174,175\"}]', '1', '1', '233', '20180607112051', '20180607112051', '0', '0', '0', '0');
#仓库
INSERT INTO `comp_central`.`baseinfo_company_stock` (`stock_id`, `stock_no`, `stock_name`, `stock_memo`, `stock_acreage`, `area_id`, `province`, `city`, `zone`, `address`, `stock_tel`, `stock_linkman`, `comp_id`, `store_id`, `sort`, `created_at`, `updated_at`, `created_person_id`, `updated_person_id`, `is_deleted`, `forbidden`, `is_public`, `inventorying`, `is_default`) VALUES ('4440233', '', '公司仓库', NULL, '0', '0', '', '', '', '', '', '', '233', '0', '1', '20180607112051', '20180628151833', '0', '181', '0', '0', '1', '0', '1');
INSERT INTO `comp_central`.`baseinfo_company_stock` (`stock_id`, `stock_no`, `stock_name`, `stock_memo`, `stock_acreage`, `area_id`, `province`, `city`, `zone`, `address`, `stock_tel`, `stock_linkman`, `comp_id`, `store_id`, `sort`, `created_at`, `updated_at`, `created_person_id`, `updated_person_id`, `is_deleted`, `forbidden`, `is_public`, `inventorying`, `is_default`) VALUES ('4450233', '', '星光大道门店仓库', NULL, '20', '0', '浙江省', '杭州市', '滨江区', '江南大道228号', '', '', '233', '2020233', '1', '20180607112051', '20180627134338', '0', '181', '1', '0', '0', '0', '1');
INSERT INTO `comp_central`.`baseinfo_company_stock` (`stock_id`, `stock_no`, `stock_name`, `stock_memo`, `stock_acreage`, `area_id`, `province`, `city`, `zone`, `address`, `stock_tel`, `stock_linkman`, `comp_id`, `store_id`, `sort`, `created_at`, `updated_at`, `created_person_id`, `updated_person_id`, `is_deleted`, `forbidden`, `is_public`, `inventorying`, `is_default`) VALUES ('21520233', '', '杭州大厦门店仓库', NULL, '40', '0', '浙江省', '杭州市', '下城区', '杭州大厦购物中心AH101店铺', '', '', '233', '7710233', '1', '20180620143226', '20180628151724', '181', '181', '1', '0', '0', '0', '1');
INSERT INTO `comp_central`.`baseinfo_company_stock` (`stock_id`, `stock_no`, `stock_name`, `stock_memo`, `stock_acreage`, `area_id`, `province`, `city`, `zone`, `address`, `stock_tel`, `stock_linkman`, `comp_id`, `store_id`, `sort`, `created_at`, `updated_at`, `created_person_id`, `updated_person_id`, `is_deleted`, `forbidden`, `is_public`, `inventorying`, `is_default`) VALUES ('21530233', '', '意法服饰城门店仓2号', NULL, '55', '0', '浙江省', '杭州市', '江干区', '杭海路100号', '', '', '233', '7720233', '1', '20180620143244', '20180628151818', '181', '181', '1', '0', '0', '0', '1');
INSERT INTO `comp_central`.`baseinfo_company_stock` (`stock_id`, `stock_no`, `stock_name`, `stock_memo`, `stock_acreage`, `area_id`, `province`, `city`, `zone`, `address`, `stock_tel`, `stock_linkman`, `comp_id`, `store_id`, `sort`, `created_at`, `updated_at`, `created_person_id`, `updated_person_id`, `is_deleted`, `forbidden`, `is_public`, `inventorying`, `is_default`) VALUES ('21540233', '', '意法服饰城门店仓', NULL, '60', '0', '浙江省', '杭州市', '上城区', '杭海路101号', '', '', '233', '7720233', '1', '20180620143343', '20180628151810', '181', '181', '1', '0', '0', '0', '0');
INSERT INTO `comp_central`.`baseinfo_company_stock` (`stock_id`, `stock_no`, `stock_name`, `stock_memo`, `stock_acreage`, `area_id`, `province`, `city`, `zone`, `address`, `stock_tel`, `stock_linkman`, `comp_id`, `store_id`, `sort`, `created_at`, `updated_at`, `created_person_id`, `updated_person_id`, `is_deleted`, `forbidden`, `is_public`, `inventorying`, `is_default`) VALUES ('34330233', '', '杭州东站店默认仓库', NULL, '0', '0', '', '', '', '', '', '', '233', '13460233', '1', '20180713175657', '20180713175657', '181', '181', '1', '0', '0', '0', '1');
INSERT INTO `comp_central`.`baseinfo_company_stock` (`stock_id`, `stock_no`, `stock_name`, `stock_memo`, `stock_acreage`, `area_id`, `province`, `city`, `zone`, `address`, `stock_tel`, `stock_linkman`, `comp_id`, `store_id`, `sort`, `created_at`, `updated_at`, `created_person_id`, `updated_person_id`, `is_deleted`, `forbidden`, `is_public`, `inventorying`, `is_default`) VALUES ('38400233', '', '111默认仓库', NULL, '0', '0', '', '', '', '', '', '', '233', '15610233', '1', '20180725160015', '20180725160015', '181', '181', '1', '0', '0', '0', '1');
INSERT INTO `comp_central`.`baseinfo_company_stock` (`stock_id`, `stock_no`, `stock_name`, `stock_memo`, `stock_acreage`, `area_id`, `province`, `city`, `zone`, `address`, `stock_tel`, `stock_linkman`, `comp_id`, `store_id`, `sort`, `created_at`, `updated_at`, `created_person_id`, `updated_person_id`, `is_deleted`, `forbidden`, `is_public`, `inventorying`, `is_default`) VALUES ('38970233', '', '紫涵四季青门店默认仓库', NULL, '120', '0', '', '', '', '杭州四季青', '', '', '233', '15980233', '1', '20180730141914', '20180730141914', '181', '181', '0', '0', '0', '0', '1');
INSERT INTO `comp_central`.`baseinfo_company_stock` (`stock_id`, `stock_no`, `stock_name`, `stock_memo`, `stock_acreage`, `area_id`, `province`, `city`, `zone`, `address`, `stock_tel`, `stock_linkman`, `comp_id`, `store_id`, `sort`, `created_at`, `updated_at`, `created_person_id`, `updated_person_id`, `is_deleted`, `forbidden`, `is_public`, `inventorying`, `is_default`) VALUES ('39030233', '', '默认门店仓库', NULL, '0', '0', '', '', '', '', '', '', '233', '17060233', '1', '20180730190902', '20180730190902', '0', '0', '0', '0', '0', '0', '1');
INSERT INTO `comp_central`.`baseinfo_company_stock` (`stock_id`, `stock_no`, `stock_name`, `stock_memo`, `stock_acreage`, `area_id`, `province`, `city`, `zone`, `address`, `stock_tel`, `stock_linkman`, `comp_id`, `store_id`, `sort`, `created_at`, `updated_at`, `created_person_id`, `updated_person_id`, `is_deleted`, `forbidden`, `is_public`, `inventorying`, `is_default`) VALUES ('39020233', '', '总仓', NULL, '0', '0', '', '', '', '', '', '', '233', '17070233', '1', '20180730190902', '20180730190902', '0', '0', '0', '0', '1', '0', '0');
INSERT INTO `comp_central`.`baseinfo_company_stock` (`stock_id`, `stock_no`, `stock_name`, `stock_memo`, `stock_acreage`, `area_id`, `province`, `city`, `zone`, `address`, `stock_tel`, `stock_linkman`, `comp_id`, `store_id`, `sort`, `created_at`, `updated_at`, `created_person_id`, `updated_person_id`, `is_deleted`, `forbidden`, `is_public`, `inventorying`, `is_default`) VALUES ('4470234', '', '公司仓库', NULL, '36', '0', '浙江省', '杭州市', '江干区', '下沙五号大街210号', '', '', '234', '0', '1', '20180607112212', '20180628154824', '0', '182', '0', '0', '1', '0', '1');
INSERT INTO `comp_central`.`baseinfo_company_stock` (`stock_id`, `stock_no`, `stock_name`, `stock_memo`, `stock_acreage`, `area_id`, `province`, `city`, `zone`, `address`, `stock_tel`, `stock_linkman`, `comp_id`, `store_id`, `sort`, `created_at`, `updated_at`, `created_person_id`, `updated_person_id`, `is_deleted`, `forbidden`, `is_public`, `inventorying`, `is_default`) VALUES ('4480234', '', '四季青门店仓库', NULL, '12', '0', '浙江省', '杭州市', '江干区', '下沙五号大街210号', '', '', '234', '2030234', '1', '20180607112212', '20180628154853', '0', '182', '0', '0', '0', '0', '1');
INSERT INTO `comp_central`.`baseinfo_company_stock` (`stock_id`, `stock_no`, `stock_name`, `stock_memo`, `stock_acreage`, `area_id`, `province`, `city`, `zone`, `address`, `stock_tel`, `stock_linkman`, `comp_id`, `store_id`, `sort`, `created_at`, `updated_at`, `created_person_id`, `updated_person_id`, `is_deleted`, `forbidden`, `is_public`, `inventorying`, `is_default`) VALUES ('28800234', '', '中纺er店默认仓库', NULL, '130', '0', '', '', '', '', '', '', '234', '10650234', '1', '20180703203615', '20180730145959', '182', '182', '1', '0', '0', '0', '1');
INSERT INTO `comp_central`.`baseinfo_company_stock` (`stock_id`, `stock_no`, `stock_name`, `stock_memo`, `stock_acreage`, `area_id`, `province`, `city`, `zone`, `address`, `stock_tel`, `stock_linkman`, `comp_id`, `store_id`, `sort`, `created_at`, `updated_at`, `created_person_id`, `updated_person_id`, `is_deleted`, `forbidden`, `is_public`, `inventorying`, `is_default`) VALUES ('38980234', '', '海草门店默认仓库', NULL, '130', '0', '浙江省', '杭州市', '滨江区', '杭州东湖街道', '', '', '234', '15990234', '1', '20180730150148', '20180730150244', '182', '182', '0', '0', '0', '0', '1');
INSERT INTO `comp_central`.`baseinfo_company_stock` (`stock_id`, `stock_no`, `stock_name`, `stock_memo`, `stock_acreage`, `area_id`, `province`, `city`, `zone`, `address`, `stock_tel`, `stock_linkman`, `comp_id`, `store_id`, `sort`, `created_at`, `updated_at`, `created_person_id`, `updated_person_id`, `is_deleted`, `forbidden`, `is_public`, `inventorying`, `is_default`) VALUES ('39050234', '', '默认门店仓库', NULL, '0', '0', '', '', '', '', '', '', '234', '17080234', '1', '20180730190902', '20180730190902', '0', '0', '0', '0', '0', '0', '1');
INSERT INTO `comp_central`.`baseinfo_company_stock` (`stock_id`, `stock_no`, `stock_name`, `stock_memo`, `stock_acreage`, `area_id`, `province`, `city`, `zone`, `address`, `stock_tel`, `stock_linkman`, `comp_id`, `store_id`, `sort`, `created_at`, `updated_at`, `created_person_id`, `updated_person_id`, `is_deleted`, `forbidden`, `is_public`, `inventorying`, `is_default`) VALUES ('39040234', '', '总仓', NULL, '0', '0', '', '', '', '', '', '', '234', '17090234', '1', '20180730190902', '20180730190902', '0', '0', '0', '0', '1', '0', '0');
INSERT INTO `comp_central`.`baseinfo_company_stock` (`stock_id`, `stock_no`, `stock_name`, `stock_memo`, `stock_acreage`, `area_id`, `province`, `city`, `zone`, `address`, `stock_tel`, `stock_linkman`, `comp_id`, `store_id`, `sort`, `created_at`, `updated_at`, `created_person_id`, `updated_person_id`, `is_deleted`, `forbidden`, `is_public`, `inventorying`, `is_default`) VALUES ('4510235', '', '公司仓库', NULL, '0', '0', '', '', '', '', '', '', '235', '0', '1', '20180607112920', '20180628160036', '0', '183', '0', '0', '1', '0', '1');
INSERT INTO `comp_central`.`baseinfo_company_stock` (`stock_id`, `stock_no`, `stock_name`, `stock_memo`, `stock_acreage`, `area_id`, `province`, `city`, `zone`, `address`, `stock_tel`, `stock_linkman`, `comp_id`, `store_id`, `sort`, `created_at`, `updated_at`, `created_person_id`, `updated_person_id`, `is_deleted`, `forbidden`, `is_public`, `inventorying`, `is_default`) VALUES ('4520235', '', '四季青店2号仓库', NULL, '0', '0', '', '', '', '', '', '', '235', '2050235', '1', '20180607112920', '20180627140308', '0', '183', '1', '0', '0', '0', '1');
INSERT INTO `comp_central`.`baseinfo_company_stock` (`stock_id`, `stock_no`, `stock_name`, `stock_memo`, `stock_acreage`, `area_id`, `province`, `city`, `zone`, `address`, `stock_tel`, `stock_linkman`, `comp_id`, `store_id`, `sort`, `created_at`, `updated_at`, `created_person_id`, `updated_person_id`, `is_deleted`, `forbidden`, `is_public`, `inventorying`, `is_default`) VALUES ('21730235', '', '四季青店仓库', NULL, '30', '0', '', '', '', '', '', '', '235', '2050235', '1', '20180621101204', '20180627140326', '183', '183', '1', '0', '0', '0', '0');
INSERT INTO `comp_central`.`baseinfo_company_stock` (`stock_id`, `stock_no`, `stock_name`, `stock_memo`, `stock_acreage`, `area_id`, `province`, `city`, `zone`, `address`, `stock_tel`, `stock_linkman`, `comp_id`, `store_id`, `sort`, `created_at`, `updated_at`, `created_person_id`, `updated_person_id`, `is_deleted`, `forbidden`, `is_public`, `inventorying`, `is_default`) VALUES ('22800235', '', '滨江店仓库', NULL, '0', '0', '', '', '', '杭州市滨江区', '', '', '235', '8180235', '1', '20180623105925', '20180627140331', '183', '183', '1', '0', '0', '0', '1');
INSERT INTO `comp_central`.`baseinfo_company_stock` (`stock_id`, `stock_no`, `stock_name`, `stock_memo`, `stock_acreage`, `area_id`, `province`, `city`, `zone`, `address`, `stock_tel`, `stock_linkman`, `comp_id`, `store_id`, `sort`, `created_at`, `updated_at`, `created_person_id`, `updated_person_id`, `is_deleted`, `forbidden`, `is_public`, `inventorying`, `is_default`) VALUES ('23840235', '', '余杭店仓库', NULL, '0', '0', '', '', '', '', '', '', '235', '8570235', '1', '20180626110716', '20180627140320', '183', '183', '1', '0', '0', '0', '1');
INSERT INTO `comp_central`.`baseinfo_company_stock` (`stock_id`, `stock_no`, `stock_name`, `stock_memo`, `stock_acreage`, `area_id`, `province`, `city`, `zone`, `address`, `stock_tel`, `stock_linkman`, `comp_id`, `store_id`, `sort`, `created_at`, `updated_at`, `created_person_id`, `updated_person_id`, `is_deleted`, `forbidden`, `is_public`, `inventorying`, `is_default`) VALUES ('38990235', '', '贝雅门店默认仓库', NULL, '150', '0', '', '', '', '杭州滨江区立业路', '', '', '235', '16000235', '1', '20180730153020', '20180730153020', '183', '183', '0', '0', '0', '0', '1');
INSERT INTO `comp_central`.`baseinfo_company_stock` (`stock_id`, `stock_no`, `stock_name`, `stock_memo`, `stock_acreage`, `area_id`, `province`, `city`, `zone`, `address`, `stock_tel`, `stock_linkman`, `comp_id`, `store_id`, `sort`, `created_at`, `updated_at`, `created_person_id`, `updated_person_id`, `is_deleted`, `forbidden`, `is_public`, `inventorying`, `is_default`) VALUES ('39070235', '', '默认门店仓库', NULL, '0', '0', '', '', '', '', '', '', '235', '17100235', '1', '20180730190902', '20180730190902', '0', '0', '0', '0', '0', '0', '1');
INSERT INTO `comp_central`.`baseinfo_company_stock` (`stock_id`, `stock_no`, `stock_name`, `stock_memo`, `stock_acreage`, `area_id`, `province`, `city`, `zone`, `address`, `stock_tel`, `stock_linkman`, `comp_id`, `store_id`, `sort`, `created_at`, `updated_at`, `created_person_id`, `updated_person_id`, `is_deleted`, `forbidden`, `is_public`, `inventorying`, `is_default`) VALUES ('39060235', '', '总仓', NULL, '0', '0', '', '', '', '', '', '', '235', '17110235', '1', '20180730190902', '20180730190902', '0', '0', '0', '0', '1', '0', '0');
#门店
INSERT INTO `comp_central`.`baseinfo_company_store` (`store_id`, `store_no`, `store_name`, `store_region_id`, `store_region_name`, `area_id`, `province`, `city`, `zone`, `address`, `store_acreage`, `zip`, `store_phone`, `store_tel`, `store_contact`, `store_type`, `is_valid`, `create_time`, `close_time`, `business_hours`, `online`, `location`, `logo_url`, `comp_id`, `admin_person_id`, `status`, `manage_pattern`, `channel_type`, `sort`, `description`, `Online_show_sales`, `Online_show_stocks`, `Online_Reduce_after_payed`, `created_at`, `updated_at`, `created_person_id`, `updated_person_id`, `is_deleted`, `weshop_name`, `weshop_logo_images`, `weshop_manager_name`, `weshop_manager_id`, `weshop_contact_type`, `weshop_province`, `weshop_city`, `weshop_zone`, `weshop_address`, `business_category`, `weshop_images`, `weshop_notice`, `is_open_weshop_notice`, `weshop_status`, `is_deleted_weshop`, `print_ip`, `print_port`, `is_has_weshop`, `is_default`, `attributes`, `is_public`) VALUES ('7710233', NULL, '杭州大厦门店', '0', '', '0', '', '', '', '杭州下城区武林广场1号杭州大厦购物中心AH101店铺', '312', '', '13456778820', '0571-85171270', '', '0', '1', '0', '0', '', '1', '', '', '233', '0', '0', '0', '0', '1', '', '0', '0', '1', '20180620143226', '20180627131640', '181', '181', '1', '杭州大厦门店的微商铺', '', '爱德华', '0', '13456778820', '浙江省', '杭州市', '滨江区', '杭州下城区武林广场1号杭州大厦购物中心AH101店铺', '1,2,3,4,5,90,91,92,93,94', '', '', '1', '2', '0', '', '', '1', '0', '', '0');
INSERT INTO `comp_central`.`baseinfo_company_store` (`store_id`, `store_no`, `store_name`, `store_region_id`, `store_region_name`, `area_id`, `province`, `city`, `zone`, `address`, `store_acreage`, `zip`, `store_phone`, `store_tel`, `store_contact`, `store_type`, `is_valid`, `create_time`, `close_time`, `business_hours`, `online`, `location`, `logo_url`, `comp_id`, `admin_person_id`, `status`, `manage_pattern`, `channel_type`, `sort`, `description`, `Online_show_sales`, `Online_show_stocks`, `Online_Reduce_after_payed`, `created_at`, `updated_at`, `created_person_id`, `updated_person_id`, `is_deleted`, `weshop_name`, `weshop_logo_images`, `weshop_manager_name`, `weshop_manager_id`, `weshop_contact_type`, `weshop_province`, `weshop_city`, `weshop_zone`, `weshop_address`, `business_category`, `weshop_images`, `weshop_notice`, `is_open_weshop_notice`, `weshop_status`, `is_deleted_weshop`, `print_ip`, `print_port`, `is_has_weshop`, `is_default`, `attributes`, `is_public`) VALUES ('7720233', NULL, '意法服饰城门店', '0', '', '0', '', '', '', '杭州江干区杭海路100号', '200', '', '18257678890', '0571-88769334', '', '0', '1', '0', '0', '', '1', '', '', '233', '0', '0', '0', '0', '1', '', '0', '0', '1', '20180620143244', '20180627130946', '181', '181', '1', '意法服饰城门店微商铺', '/public/uploads/0/goods/20180730/201807301547178451021.jpeg', '爱德华', '0', '18257678890', '浙江省', '杭州市', '滨江区', '杭州江干区杭海路100号', '1,2,3,4,5,90,91,92,93,94', '/public/uploads/0/goods/20180730/201807301547213568692.png', '七夕打折 夏秋爆品促销 买到赚到', '1', '1', '0', '', '', '1', '0', ';WESHOP_SHARE_QRCODE_URL_KEY:/somnus/1531724606949.png;', '0');
INSERT INTO `comp_central`.`baseinfo_company_store` (`store_id`, `store_no`, `store_name`, `store_region_id`, `store_region_name`, `area_id`, `province`, `city`, `zone`, `address`, `store_acreage`, `zip`, `store_phone`, `store_tel`, `store_contact`, `store_type`, `is_valid`, `create_time`, `close_time`, `business_hours`, `online`, `location`, `logo_url`, `comp_id`, `admin_person_id`, `status`, `manage_pattern`, `channel_type`, `sort`, `description`, `Online_show_sales`, `Online_show_stocks`, `Online_Reduce_after_payed`, `created_at`, `updated_at`, `created_person_id`, `updated_person_id`, `is_deleted`, `weshop_name`, `weshop_logo_images`, `weshop_manager_name`, `weshop_manager_id`, `weshop_contact_type`, `weshop_province`, `weshop_city`, `weshop_zone`, `weshop_address`, `business_category`, `weshop_images`, `weshop_notice`, `is_open_weshop_notice`, `weshop_status`, `is_deleted_weshop`, `print_ip`, `print_port`, `is_has_weshop`, `is_default`, `attributes`, `is_public`) VALUES ('13460233', NULL, '杭州东站店', '0', '', '0', '', '', '', '', '0', '', '', '', '', '0', '1', '0', '0', '', '1', '', '', '233', '0', '0', '0', '0', '1', '', '0', '0', '1', '20180713175657', '20180713175657', '181', '181', '1', '杭州东站店的微商铺', '', '爱德华', '0', '', '浙江省', '杭州市', '滨江区', '江南大道1090号', '1,2,3,4,5,90,91,92,93,94', '', '', '1', '2', '0', '', '', '1', '0', '', '0');
INSERT INTO `comp_central`.`baseinfo_company_store` (`store_id`, `store_no`, `store_name`, `store_region_id`, `store_region_name`, `area_id`, `province`, `city`, `zone`, `address`, `store_acreage`, `zip`, `store_phone`, `store_tel`, `store_contact`, `store_type`, `is_valid`, `create_time`, `close_time`, `business_hours`, `online`, `location`, `logo_url`, `comp_id`, `admin_person_id`, `status`, `manage_pattern`, `channel_type`, `sort`, `description`, `Online_show_sales`, `Online_show_stocks`, `Online_Reduce_after_payed`, `created_at`, `updated_at`, `created_person_id`, `updated_person_id`, `is_deleted`, `weshop_name`, `weshop_logo_images`, `weshop_manager_name`, `weshop_manager_id`, `weshop_contact_type`, `weshop_province`, `weshop_city`, `weshop_zone`, `weshop_address`, `business_category`, `weshop_images`, `weshop_notice`, `is_open_weshop_notice`, `weshop_status`, `is_deleted_weshop`, `print_ip`, `print_port`, `is_has_weshop`, `is_default`, `attributes`, `is_public`) VALUES ('15610233', NULL, '星光大道店', '0', '', '0', '', '', '', '', '0', '', '', '', '', '0', '1', '0', '0', '', '1', '', '', '233', '0', '0', '0', '0', '1', '', '0', '0', '1', '20180725160015', '20180725160028', '181', '181', '1', '星光大道店的微商铺', '', '爱德华', '0', '', '浙江省', '杭州市', '滨江区', '江南大道1090号', '1,2,3,4,5,90,91,92,93,94', '', '', '1', '1', '0', '', '', '1', '0', '', '0');
INSERT INTO `comp_central`.`baseinfo_company_store` (`store_id`, `store_no`, `store_name`, `store_region_id`, `store_region_name`, `area_id`, `province`, `city`, `zone`, `address`, `store_acreage`, `zip`, `store_phone`, `store_tel`, `store_contact`, `store_type`, `is_valid`, `create_time`, `close_time`, `business_hours`, `online`, `location`, `logo_url`, `comp_id`, `admin_person_id`, `status`, `manage_pattern`, `channel_type`, `sort`, `description`, `Online_show_sales`, `Online_show_stocks`, `Online_Reduce_after_payed`, `created_at`, `updated_at`, `created_person_id`, `updated_person_id`, `is_deleted`, `weshop_name`, `weshop_logo_images`, `weshop_manager_name`, `weshop_manager_id`, `weshop_contact_type`, `weshop_province`, `weshop_city`, `weshop_zone`, `weshop_address`, `business_category`, `weshop_images`, `weshop_notice`, `is_open_weshop_notice`, `weshop_status`, `is_deleted_weshop`, `print_ip`, `print_port`, `is_has_weshop`, `is_default`, `attributes`, `is_public`) VALUES ('15980233', NULL, '紫涵四季青门店', '0', '', '0', '', '', '', '杭州四季青', '120', '', '17544474941', '05712817966', '', '0', '1', '0', '0', '', '1', '', '', '233', '0', '0', '0', '0', '1', '', '0', '0', '1', '20180730141914', '20180730141914', '181', '181', '0', '紫涵四季青门店的微商铺', '/public/uploads/0/goods/20180730/201807301547417185503.jpeg', '爱德华', '0', '17544474941', '浙江省', '杭州市', '滨江区', '杭州四季青', '1,2,3,4,5,90,91,92,93,94', '/public/uploads/0/goods/20180730/201807301547473327850.png', '森女系潮流标杆 大牌设计师倾心力作！欢迎咨询、联系！', '1', '1', '0', '', '', '1', '0', ';WESHOP_SHARE_QRCODE_URL_KEY:/somnus/1533015075301.png;', '0');
INSERT INTO `comp_central`.`baseinfo_company_store` (`store_id`, `store_no`, `store_name`, `store_region_id`, `store_region_name`, `area_id`, `province`, `city`, `zone`, `address`, `store_acreage`, `zip`, `store_phone`, `store_tel`, `store_contact`, `store_type`, `is_valid`, `create_time`, `close_time`, `business_hours`, `online`, `location`, `logo_url`, `comp_id`, `admin_person_id`, `status`, `manage_pattern`, `channel_type`, `sort`, `description`, `Online_show_sales`, `Online_show_stocks`, `Online_Reduce_after_payed`, `created_at`, `updated_at`, `created_person_id`, `updated_person_id`, `is_deleted`, `weshop_name`, `weshop_logo_images`, `weshop_manager_name`, `weshop_manager_id`, `weshop_contact_type`, `weshop_province`, `weshop_city`, `weshop_zone`, `weshop_address`, `business_category`, `weshop_images`, `weshop_notice`, `is_open_weshop_notice`, `weshop_status`, `is_deleted_weshop`, `print_ip`, `print_port`, `is_has_weshop`, `is_default`, `attributes`, `is_public`) VALUES ('17060233', NULL, '默认门店', '0', '', '0', '', '', '', '', '0', '', '', '', '', '0', '1', '1532948942', '0', '', '1', '', '', '233', '181', '0', '0', '0', '1', '', '0', '0', '1', '20180730190902', '20180730190902', '0', '0', '0', '默认微商铺', '', '一批体验账号', '181', '77777777777', '浙江省', '杭州市', '滨江区', '江南大道1090号', '1,2,3,4,5,90,91,92,93,94', '', '', '1', '2', '0', '', '', '1', '1', '', '0');
INSERT INTO `comp_central`.`baseinfo_company_store` (`store_id`, `store_no`, `store_name`, `store_region_id`, `store_region_name`, `area_id`, `province`, `city`, `zone`, `address`, `store_acreage`, `zip`, `store_phone`, `store_tel`, `store_contact`, `store_type`, `is_valid`, `create_time`, `close_time`, `business_hours`, `online`, `location`, `logo_url`, `comp_id`, `admin_person_id`, `status`, `manage_pattern`, `channel_type`, `sort`, `description`, `Online_show_sales`, `Online_show_stocks`, `Online_Reduce_after_payed`, `created_at`, `updated_at`, `created_person_id`, `updated_person_id`, `is_deleted`, `weshop_name`, `weshop_logo_images`, `weshop_manager_name`, `weshop_manager_id`, `weshop_contact_type`, `weshop_province`, `weshop_city`, `weshop_zone`, `weshop_address`, `business_category`, `weshop_images`, `weshop_notice`, `is_open_weshop_notice`, `weshop_status`, `is_deleted_weshop`, `print_ip`, `print_port`, `is_has_weshop`, `is_default`, `attributes`, `is_public`) VALUES ('17070233', NULL, '总仓', '0', '', '0', '', '', '', '', '0', '', '', '', '', '0', '1', '1532948942', '0', '', '1', '', '', '233', '181', '0', '0', '0', '1', '', '0', '0', '1', '20180730190902', '20180730190902', '0', '0', '0', '总仓的微商铺', '', '爱德华', '0', '', '浙江省', '杭州市', '滨江区', '江南大道1090号', '1,2,3,4,5,90,91,92,93,94', '', '', '1', '2', '0', '', '', '1', '0', '', '1');
INSERT INTO `comp_central`.`baseinfo_company_store` (`store_id`, `store_no`, `store_name`, `store_region_id`, `store_region_name`, `area_id`, `province`, `city`, `zone`, `address`, `store_acreage`, `zip`, `store_phone`, `store_tel`, `store_contact`, `store_type`, `is_valid`, `create_time`, `close_time`, `business_hours`, `online`, `location`, `logo_url`, `comp_id`, `admin_person_id`, `status`, `manage_pattern`, `channel_type`, `sort`, `description`, `Online_show_sales`, `Online_show_stocks`, `Online_Reduce_after_payed`, `created_at`, `updated_at`, `created_person_id`, `updated_person_id`, `is_deleted`, `weshop_name`, `weshop_logo_images`, `weshop_manager_name`, `weshop_manager_id`, `weshop_contact_type`, `weshop_province`, `weshop_city`, `weshop_zone`, `weshop_address`, `business_category`, `weshop_images`, `weshop_notice`, `is_open_weshop_notice`, `weshop_status`, `is_deleted_weshop`, `print_ip`, `print_port`, `is_has_weshop`, `is_default`, `attributes`, `is_public`) VALUES ('2020233', '233', '星光大道门店', '0', '', '0', '', '', '', '杭州滨江区江南大道228号', '75', '', '18817980522', '0571-88511234', '', '0', '1', '1528341651', '0', '', '1', '', '', '233', '181', '0', '0', '0', '1', '', '0', '0', '1', '20180607112051', '20180627131649', '0', '181', '1', '国医堂艾灸贴', '/public/uploads/0/goods/20180725/201807251149226165106.jpeg', '一批体验账号', '0', '13583346983', '浙江省', '杭州市', '滨江区', '杭州滨江区江南大道228号', '1,2,3,4,5,90,91,92,93,94', '/public/uploads/0/goods/20180725/201807251149535515410.png', '颈肩腰腿疼的克星，男女老少皆宜，养生从现在开始', '1', '1', '0', '', '', '1', '1', ';WESHOP_SHARE_QRCODE_URL_KEY:/somnus/1531819340924.png;', '0');
INSERT INTO `comp_central`.`baseinfo_company_store` (`store_id`, `store_no`, `store_name`, `store_region_id`, `store_region_name`, `area_id`, `province`, `city`, `zone`, `address`, `store_acreage`, `zip`, `store_phone`, `store_tel`, `store_contact`, `store_type`, `is_valid`, `create_time`, `close_time`, `business_hours`, `online`, `location`, `logo_url`, `comp_id`, `admin_person_id`, `status`, `manage_pattern`, `channel_type`, `sort`, `description`, `Online_show_sales`, `Online_show_stocks`, `Online_Reduce_after_payed`, `created_at`, `updated_at`, `created_person_id`, `updated_person_id`, `is_deleted`, `weshop_name`, `weshop_logo_images`, `weshop_manager_name`, `weshop_manager_id`, `weshop_contact_type`, `weshop_province`, `weshop_city`, `weshop_zone`, `weshop_address`, `business_category`, `weshop_images`, `weshop_notice`, `is_open_weshop_notice`, `weshop_status`, `is_deleted_weshop`, `print_ip`, `print_port`, `is_has_weshop`, `is_default`, `attributes`, `is_public`) VALUES ('10650234', NULL, '中纺er店', '0', '', '0', '', '', '', '', '30', '', '', '', '', '0', '1', '0', '0', '', '1', '', '', '234', '0', '0', '0', '0', '1', '', '0', '0', '1', '20180703203615', '20180706195632', '182', '182', '1', '中纺er店的微商铺', '/public/uploads/0/goods/20180716/201807161511041928883.png', '张盼盼', '0', '17788992233', '浙江省', '杭州市', '江干区', '下沙五号大街201号', '1,2,3,4,5', '/public/uploads/0/goods/20180716/201807161505286274870.png', '新店开张，全场新品展示', '1', '1', '0', '', '', '1', '0', ';WESHOP_SHARE_QRCODE_URL_KEY:/somnus/1531745401899.png;', '0');
INSERT INTO `comp_central`.`baseinfo_company_store` (`store_id`, `store_no`, `store_name`, `store_region_id`, `store_region_name`, `area_id`, `province`, `city`, `zone`, `address`, `store_acreage`, `zip`, `store_phone`, `store_tel`, `store_contact`, `store_type`, `is_valid`, `create_time`, `close_time`, `business_hours`, `online`, `location`, `logo_url`, `comp_id`, `admin_person_id`, `status`, `manage_pattern`, `channel_type`, `sort`, `description`, `Online_show_sales`, `Online_show_stocks`, `Online_Reduce_after_payed`, `created_at`, `updated_at`, `created_person_id`, `updated_person_id`, `is_deleted`, `weshop_name`, `weshop_logo_images`, `weshop_manager_name`, `weshop_manager_id`, `weshop_contact_type`, `weshop_province`, `weshop_city`, `weshop_zone`, `weshop_address`, `business_category`, `weshop_images`, `weshop_notice`, `is_open_weshop_notice`, `weshop_status`, `is_deleted_weshop`, `print_ip`, `print_port`, `is_has_weshop`, `is_default`, `attributes`, `is_public`) VALUES ('15990234', NULL, '海草门店', '0', '', '0', '', '', '', '杭州东湖街道', '130', '', '77777777778', '057128632354', '', '0', '1', '0', '0', '', '1', '', '', '234', '0', '0', '0', '0', '1', '', '0', '0', '1', '20180730150148', '20180730150220', '182', '182', '0', '海草门店的微商铺', '/public/uploads/0/goods/20180730/201807301506464783139.jpeg', '张盼盼', '0', '77777777778', '浙江省', '杭州市', '江干区', '杭州东湖街道', '1,2,3,4,5', '/public/uploads/0/goods/20180730/20180730150650272768.png', '潮流品类 热销爆款 线上线下同价 欢迎询价联系！', '1', '1', '0', '', '', '1', '0', ';WESHOP_SHARE_QRCODE_URL_KEY:/somnus/1533018260136.png;', '0');
INSERT INTO `comp_central`.`baseinfo_company_store` (`store_id`, `store_no`, `store_name`, `store_region_id`, `store_region_name`, `area_id`, `province`, `city`, `zone`, `address`, `store_acreage`, `zip`, `store_phone`, `store_tel`, `store_contact`, `store_type`, `is_valid`, `create_time`, `close_time`, `business_hours`, `online`, `location`, `logo_url`, `comp_id`, `admin_person_id`, `status`, `manage_pattern`, `channel_type`, `sort`, `description`, `Online_show_sales`, `Online_show_stocks`, `Online_Reduce_after_payed`, `created_at`, `updated_at`, `created_person_id`, `updated_person_id`, `is_deleted`, `weshop_name`, `weshop_logo_images`, `weshop_manager_name`, `weshop_manager_id`, `weshop_contact_type`, `weshop_province`, `weshop_city`, `weshop_zone`, `weshop_address`, `business_category`, `weshop_images`, `weshop_notice`, `is_open_weshop_notice`, `weshop_status`, `is_deleted_weshop`, `print_ip`, `print_port`, `is_has_weshop`, `is_default`, `attributes`, `is_public`) VALUES ('17080234', NULL, '默认门店', '0', '', '0', '', '', '', '', '0', '', '', '', '', '0', '1', '1532948942', '0', '', '1', '', '', '234', '182', '0', '0', '0', '1', '', '0', '0', '1', '20180730190902', '20180730190902', '0', '0', '0', '默认微商铺', '', '吴彦祖', '182', '77777777778', '浙江省', '杭州市', '江干区', '下沙五号大街201号', '1,2,3,4,5', '', '', '1', '2', '0', '', '', '1', '1', '', '0');
INSERT INTO `comp_central`.`baseinfo_company_store` (`store_id`, `store_no`, `store_name`, `store_region_id`, `store_region_name`, `area_id`, `province`, `city`, `zone`, `address`, `store_acreage`, `zip`, `store_phone`, `store_tel`, `store_contact`, `store_type`, `is_valid`, `create_time`, `close_time`, `business_hours`, `online`, `location`, `logo_url`, `comp_id`, `admin_person_id`, `status`, `manage_pattern`, `channel_type`, `sort`, `description`, `Online_show_sales`, `Online_show_stocks`, `Online_Reduce_after_payed`, `created_at`, `updated_at`, `created_person_id`, `updated_person_id`, `is_deleted`, `weshop_name`, `weshop_logo_images`, `weshop_manager_name`, `weshop_manager_id`, `weshop_contact_type`, `weshop_province`, `weshop_city`, `weshop_zone`, `weshop_address`, `business_category`, `weshop_images`, `weshop_notice`, `is_open_weshop_notice`, `weshop_status`, `is_deleted_weshop`, `print_ip`, `print_port`, `is_has_weshop`, `is_default`, `attributes`, `is_public`) VALUES ('17090234', NULL, '总仓', '0', '', '0', '', '', '', '', '0', '', '', '', '', '0', '1', '1532948942', '0', '', '1', '', '', '234', '182', '0', '0', '0', '1', '', '0', '0', '1', '20180730190902', '20180730190902', '0', '0', '0', '总仓的微商铺', '', '张盼盼', '0', '', '浙江省', '杭州市', '江干区', '下沙五号大街201号', '1,2,3,4,5', '', '', '1', '2', '0', '', '', '1', '0', '', '1');
INSERT INTO `comp_central`.`baseinfo_company_store` (`store_id`, `store_no`, `store_name`, `store_region_id`, `store_region_name`, `area_id`, `province`, `city`, `zone`, `address`, `store_acreage`, `zip`, `store_phone`, `store_tel`, `store_contact`, `store_type`, `is_valid`, `create_time`, `close_time`, `business_hours`, `online`, `location`, `logo_url`, `comp_id`, `admin_person_id`, `status`, `manage_pattern`, `channel_type`, `sort`, `description`, `Online_show_sales`, `Online_show_stocks`, `Online_Reduce_after_payed`, `created_at`, `updated_at`, `created_person_id`, `updated_person_id`, `is_deleted`, `weshop_name`, `weshop_logo_images`, `weshop_manager_name`, `weshop_manager_id`, `weshop_contact_type`, `weshop_province`, `weshop_city`, `weshop_zone`, `weshop_address`, `business_category`, `weshop_images`, `weshop_notice`, `is_open_weshop_notice`, `weshop_status`, `is_deleted_weshop`, `print_ip`, `print_port`, `is_has_weshop`, `is_default`, `attributes`, `is_public`) VALUES ('2030234', '234', '四季青门店', '0', '', '0', '', '', '', '杭州四季青服装市场103号', '96', '', '13879667823', '0571-78097656', '', '0', '1', '1528341732', '0', '', '1', '', '', '234', '182', '0', '0', '0', '1', '', '0', '0', '1', '20180607112212', '20180628154748', '0', '182', '0', '四季青门店的微商铺', '/public/uploads/0/goods/20180731/201807311409576655223.jpeg', '张盼盼', '0', '13879667823', '浙江省', '杭州市', '江干区', '杭州四季青服装市场103号', '1,2,3,4,5', '/public/uploads/0/goods/20180731/201807311410202053324.png', '', '1', '2', '0', '', '', '1', '1', '', '0');
INSERT INTO `comp_central`.`baseinfo_company_store` (`store_id`, `store_no`, `store_name`, `store_region_id`, `store_region_name`, `area_id`, `province`, `city`, `zone`, `address`, `store_acreage`, `zip`, `store_phone`, `store_tel`, `store_contact`, `store_type`, `is_valid`, `create_time`, `close_time`, `business_hours`, `online`, `location`, `logo_url`, `comp_id`, `admin_person_id`, `status`, `manage_pattern`, `channel_type`, `sort`, `description`, `Online_show_sales`, `Online_show_stocks`, `Online_Reduce_after_payed`, `created_at`, `updated_at`, `created_person_id`, `updated_person_id`, `is_deleted`, `weshop_name`, `weshop_logo_images`, `weshop_manager_name`, `weshop_manager_id`, `weshop_contact_type`, `weshop_province`, `weshop_city`, `weshop_zone`, `weshop_address`, `business_category`, `weshop_images`, `weshop_notice`, `is_open_weshop_notice`, `weshop_status`, `is_deleted_weshop`, `print_ip`, `print_port`, `is_has_weshop`, `is_default`, `attributes`, `is_public`) VALUES ('8180235', NULL, '滨江店', '0', '', '0', '', '', '', '杭州市滨江区江陵路星耀城507', '120', '', '18567679902', '0571-88679023', '', '0', '1', '0', '0', '', '1', '', '', '235', '0', '0', '0', '0', '1', '', '0', '0', '1', '20180623105925', '20180628160020', '183', '183', '1', '滨江店的微商铺', '', '张大海', '0', '18567679902', '浙江省', '杭州市', '江干区', '杭州市滨江区江陵路星耀城507', '1,2,3,4,5', '', '', '1', '1', '0', '', '', '1', '0', '', '0');
INSERT INTO `comp_central`.`baseinfo_company_store` (`store_id`, `store_no`, `store_name`, `store_region_id`, `store_region_name`, `area_id`, `province`, `city`, `zone`, `address`, `store_acreage`, `zip`, `store_phone`, `store_tel`, `store_contact`, `store_type`, `is_valid`, `create_time`, `close_time`, `business_hours`, `online`, `location`, `logo_url`, `comp_id`, `admin_person_id`, `status`, `manage_pattern`, `channel_type`, `sort`, `description`, `Online_show_sales`, `Online_show_stocks`, `Online_Reduce_after_payed`, `created_at`, `updated_at`, `created_person_id`, `updated_person_id`, `is_deleted`, `weshop_name`, `weshop_logo_images`, `weshop_manager_name`, `weshop_manager_id`, `weshop_contact_type`, `weshop_province`, `weshop_city`, `weshop_zone`, `weshop_address`, `business_category`, `weshop_images`, `weshop_notice`, `is_open_weshop_notice`, `weshop_status`, `is_deleted_weshop`, `print_ip`, `print_port`, `is_has_weshop`, `is_default`, `attributes`, `is_public`) VALUES ('8570235', NULL, '余杭店', '0', '', '0', '', '', '', '余杭区五常大道201号', '87', '', '18923567857', '0571-88904534', '', '0', '1', '0', '0', '', '1', '', '', '235', '0', '0', '0', '0', '1', '', '0', '0', '1', '20180626110716', '20180628155841', '183', '183', '1', '余杭店的微商铺', '/public/uploads/0/goods/20180716/201807161506449889740.png', '张大海', '0', '18923567857', '浙江省', '杭州市', '江干区', '余杭区五常大道201号', '1,2,3,4,5', '/public/uploads/0/goods/20180716/201807161505529202924.png', '', '1', '1', '0', '', '', '1', '0', ';WESHOP_SHARE_QRCODE_URL_KEY:/somnus/1531816309006.png;', '0');
INSERT INTO `comp_central`.`baseinfo_company_store` (`store_id`, `store_no`, `store_name`, `store_region_id`, `store_region_name`, `area_id`, `province`, `city`, `zone`, `address`, `store_acreage`, `zip`, `store_phone`, `store_tel`, `store_contact`, `store_type`, `is_valid`, `create_time`, `close_time`, `business_hours`, `online`, `location`, `logo_url`, `comp_id`, `admin_person_id`, `status`, `manage_pattern`, `channel_type`, `sort`, `description`, `Online_show_sales`, `Online_show_stocks`, `Online_Reduce_after_payed`, `created_at`, `updated_at`, `created_person_id`, `updated_person_id`, `is_deleted`, `weshop_name`, `weshop_logo_images`, `weshop_manager_name`, `weshop_manager_id`, `weshop_contact_type`, `weshop_province`, `weshop_city`, `weshop_zone`, `weshop_address`, `business_category`, `weshop_images`, `weshop_notice`, `is_open_weshop_notice`, `weshop_status`, `is_deleted_weshop`, `print_ip`, `print_port`, `is_has_weshop`, `is_default`, `attributes`, `is_public`) VALUES ('16000235', NULL, '贝雅门店', '0', '', '0', '', '', '', '杭州滨江区立业路', '150', '', '77777777779', '', '', '0', '1', '0', '0', '', '1', '', '', '235', '0', '0', '0', '0', '1', '', '0', '0', '1', '20180730153020', '20180730153020', '183', '183', '0', '贝雅门店的微商铺', '/public/uploads/0/goods/20180730/201807301544213112337.jpeg', '张大海', '0', '77777777779', '浙江省', '杭州市', '江干区', '杭州滨江区立业路', '1,2,3,4,5', '/public/uploads/0/goods/20180730/20180730154632775988.png', '少女风时尚女装 新品上架 欢迎咨询下单！', '1', '1', '0', '', '', '1', '0', ';WESHOP_SHARE_QRCODE_URL_KEY:/somnus/1533016042991.png;', '0');
INSERT INTO `comp_central`.`baseinfo_company_store` (`store_id`, `store_no`, `store_name`, `store_region_id`, `store_region_name`, `area_id`, `province`, `city`, `zone`, `address`, `store_acreage`, `zip`, `store_phone`, `store_tel`, `store_contact`, `store_type`, `is_valid`, `create_time`, `close_time`, `business_hours`, `online`, `location`, `logo_url`, `comp_id`, `admin_person_id`, `status`, `manage_pattern`, `channel_type`, `sort`, `description`, `Online_show_sales`, `Online_show_stocks`, `Online_Reduce_after_payed`, `created_at`, `updated_at`, `created_person_id`, `updated_person_id`, `is_deleted`, `weshop_name`, `weshop_logo_images`, `weshop_manager_name`, `weshop_manager_id`, `weshop_contact_type`, `weshop_province`, `weshop_city`, `weshop_zone`, `weshop_address`, `business_category`, `weshop_images`, `weshop_notice`, `is_open_weshop_notice`, `weshop_status`, `is_deleted_weshop`, `print_ip`, `print_port`, `is_has_weshop`, `is_default`, `attributes`, `is_public`) VALUES ('17100235', NULL, '默认门店', '0', '', '0', '', '', '', '', '0', '', '', '', '', '0', '1', '1532948942', '0', '', '1', '', '', '235', '183', '0', '0', '0', '1', '', '0', '0', '1', '20180730190902', '20180730190902', '0', '0', '0', '默认微商铺', '', '沈婷婷', '183', '77777777779', '浙江省', '杭州市', '江干区', '杭州下城区延安路309号', '1,2,3,4,5', '', '', '1', '2', '0', '', '', '1', '1', '', '0');
INSERT INTO `comp_central`.`baseinfo_company_store` (`store_id`, `store_no`, `store_name`, `store_region_id`, `store_region_name`, `area_id`, `province`, `city`, `zone`, `address`, `store_acreage`, `zip`, `store_phone`, `store_tel`, `store_contact`, `store_type`, `is_valid`, `create_time`, `close_time`, `business_hours`, `online`, `location`, `logo_url`, `comp_id`, `admin_person_id`, `status`, `manage_pattern`, `channel_type`, `sort`, `description`, `Online_show_sales`, `Online_show_stocks`, `Online_Reduce_after_payed`, `created_at`, `updated_at`, `created_person_id`, `updated_person_id`, `is_deleted`, `weshop_name`, `weshop_logo_images`, `weshop_manager_name`, `weshop_manager_id`, `weshop_contact_type`, `weshop_province`, `weshop_city`, `weshop_zone`, `weshop_address`, `business_category`, `weshop_images`, `weshop_notice`, `is_open_weshop_notice`, `weshop_status`, `is_deleted_weshop`, `print_ip`, `print_port`, `is_has_weshop`, `is_default`, `attributes`, `is_public`) VALUES ('17110235', NULL, '总仓', '0', '', '0', '', '', '', '', '0', '', '', '', '', '0', '1', '1532948942', '0', '', '1', '', '', '235', '183', '0', '0', '0', '1', '', '0', '0', '1', '20180730190902', '20180730190902', '0', '0', '0', '总仓的微商铺', '', '张大海', '0', '', '浙江省', '杭州市', '江干区', '杭州下城区延安路309号', '1,2,3,4,5', '', '', '1', '2', '0', '', '', '1', '0', '', '1');
INSERT INTO `comp_central`.`baseinfo_company_store` (`store_id`, `store_no`, `store_name`, `store_region_id`, `store_region_name`, `area_id`, `province`, `city`, `zone`, `address`, `store_acreage`, `zip`, `store_phone`, `store_tel`, `store_contact`, `store_type`, `is_valid`, `create_time`, `close_time`, `business_hours`, `online`, `location`, `logo_url`, `comp_id`, `admin_person_id`, `status`, `manage_pattern`, `channel_type`, `sort`, `description`, `Online_show_sales`, `Online_show_stocks`, `Online_Reduce_after_payed`, `created_at`, `updated_at`, `created_person_id`, `updated_person_id`, `is_deleted`, `weshop_name`, `weshop_logo_images`, `weshop_manager_name`, `weshop_manager_id`, `weshop_contact_type`, `weshop_province`, `weshop_city`, `weshop_zone`, `weshop_address`, `business_category`, `weshop_images`, `weshop_notice`, `is_open_weshop_notice`, `weshop_status`, `is_deleted_weshop`, `print_ip`, `print_port`, `is_has_weshop`, `is_default`, `attributes`, `is_public`) VALUES ('2050235', '235', '四季青店', '0', '', '0', '', '', '', '四季青服装市场76号', '150', '', '18548785567', '0571-87954457', '', '0', '1', '1528342160', '0', '', '1', '', '', '235', '183', '0', '0', '0', '1', '', '0', '0', '1', '20180607112920', '20180628155913', '0', '183', '1', '默认微商铺', '', '张大海', '0', '18548785567', '浙江省', '杭州市', '江干区', '四季青服装市场76号', '1,2,3,4,5', '', '', '1', '2', '0', '', '', '1', '1', '', '0');
