#  一批老板    17544474941  二批老板    15542125613  零售老板    13579722183
#公司
SELECT * from baseinfo_company where admin_person_mobile in ('17544474941','15542125613','13579722183');
INSERT INTO `comp_central`.`baseinfo_company` (`comp_id`, `comp_name`, `comp_short_name`, `comp_memo`, `region_id`, `region_name`, `area_id`, `province`, `province_id`, `ct_ids`, `ct_names`, `city_id`, `city`, `zone`, `legal_man`, `card_front_url`, `card_back_url`, `comp_address`, `comp_zip`, `license`, `license_picurl`, `comp_linkman`, `comp_linkman_tel`, `comp_sort`, `nature`, `is_platform`, `is_verified`, `verified_reason`, `verified_time`, `status`, `admin_person_id`, `admin_person_name`, `admin_person_mobile`, `tel`, `fax`, `mail`, `website`, `memo`, `comp_chit`, `comp_balance`, `business_category`, `created_at`, `updated_at`, `created_person_id`, `updated_person_id`, `is_deleted`, `bank_name`, `bank_account_name`, `bank_account_number`, `alipay_account_name`, `wechat_account_name`, `print_size`, `bill_name`, `wechat_account_qrcode`, `wechat_account_qrcode_content`, `wechat_receipt_qrcode`, `wechat_receipt_qrcode_content`, `alipay_account_qrcode`, `alipay_account_qrcode_content`, `alipay_receipt_qrcode`, `alipay_receipt_qrcode_content`, `print_bill`, `print_warn`, `allow_negative_on_hand_sell`, `expire_date`, `version`, `pay_remark`, `pay_remark_user_name`, `pay_remark_user_id`, `pay_remark_time`, `expire_status`) VALUES ('1201', NULL, '杭州紫涵服饰有限公司', '', '0', '', '0', '浙江省', '0', '1', '一级批发商', '0', '杭州市', '滨江区', '', '', '', '滨安路', '', '', '', '17544474941', '', '1', '1', '0', '0', '', '0', '1', '138481', '', '17544474941', '', '', '', '', '', '0', '0', '1,2,3,4,5,113,114,115,116,164', '20180725160738', '20180727103655', '0', '138481', '0', '招商银行', '杭州海贝服饰有限公司', '6223456464891369', 'ihappy_pay', 'ihappy_wechat', '', '', '/public/uploads/0/qrcode/20180727/201807271036307313614.png', 'https://u.wechat.com/EFufzQMOpJn9DnWNK-PfLCc', '/public/uploads/0/qrcode/20180727/20180727103620189263.png', 'https://u.wechat.com/EFufzQMOpJn9DnWNK-PfLCc', '/public/uploads/0/qrcode/20180727/201807271028282055401.png', 'http://www.juliet.pub/', '/public/uploads/0/qrcode/20180727/201807271036517731051.png', 'http://www.juliet.pub/', '1', '提醒：钱款、件数请当面点清，离店概不负责，货物如有缺漏、损坏、到货请即通知，次品必需七天调换，不可退款，人为因素或逾期恕不退换，多谢合作！', '1', '20180810000000', '0', '', '', '0', '0', '0');
INSERT INTO `comp_central`.`baseinfo_company` (`comp_id`, `comp_name`, `comp_short_name`, `comp_memo`, `region_id`, `region_name`, `area_id`, `province`, `province_id`, `ct_ids`, `ct_names`, `city_id`, `city`, `zone`, `legal_man`, `card_front_url`, `card_back_url`, `comp_address`, `comp_zip`, `license`, `license_picurl`, `comp_linkman`, `comp_linkman_tel`, `comp_sort`, `nature`, `is_platform`, `is_verified`, `verified_reason`, `verified_time`, `status`, `admin_person_id`, `admin_person_name`, `admin_person_mobile`, `tel`, `fax`, `mail`, `website`, `memo`, `comp_chit`, `comp_balance`, `business_category`, `created_at`, `updated_at`, `created_person_id`, `updated_person_id`, `is_deleted`, `bank_name`, `bank_account_name`, `bank_account_number`, `alipay_account_name`, `wechat_account_name`, `print_size`, `bill_name`, `wechat_account_qrcode`, `wechat_account_qrcode_content`, `wechat_receipt_qrcode`, `wechat_receipt_qrcode_content`, `alipay_account_qrcode`, `alipay_account_qrcode_content`, `alipay_receipt_qrcode`, `alipay_receipt_qrcode_content`, `print_bill`, `print_warn`, `allow_negative_on_hand_sell`, `expire_date`, `version`, `pay_remark`, `pay_remark_user_name`, `pay_remark_user_id`, `pay_remark_time`, `expire_status`) VALUES ('1202', NULL, '杭州海草服饰有限公司', '', '0', '', '0', '浙江省', '0', '2', '二级批发商', '0', '杭州市', '滨江区', '', '', '', '滨康路', '', '', '', '柴女士', '', '1', '1', '0', '0', '', '0', '1', '138482', '', '15542125613', '', '', '', '', '', '0', '0', '1,2,3,4,5,113,114,115,116,164', '20180725160803', '20180727110741', '0', '138482', '0', '招商银行', '杭州海草服业', '6223153455424512', 'ihappy_alipyay', 'ihappy_wechat', '', '', '/public/uploads/0/qrcode/20180727/201807271044081775455.png', 'https://u.wechat.com/EFufzQMOpJn9DnWNK-PfLCc', '/public/uploads/0/qrcode/20180727/201807271044186667734.png', 'https://u.wechat.com/EFufzQMOpJn9DnWNK-PfLCc', '/public/uploads/0/qrcode/20180727/201807271044035989289.png', 'http://www.juliet.pub/', '/public/uploads/0/qrcode/20180727/201807271044151739368.png', 'http://www.juliet.pub/', '1', '提醒：钱款、件数请当面点清，离店概不负责，货物如有缺漏、损坏、到货请即通知，次品必需七天调换，不可退款，人为因素或逾期恕不退换，多谢合作！', '1', '20180809000000', '0', '', '', '0', '0', '0');
INSERT INTO `comp_central`.`baseinfo_company` (`comp_id`, `comp_name`, `comp_short_name`, `comp_memo`, `region_id`, `region_name`, `area_id`, `province`, `province_id`, `ct_ids`, `ct_names`, `city_id`, `city`, `zone`, `legal_man`, `card_front_url`, `card_back_url`, `comp_address`, `comp_zip`, `license`, `license_picurl`, `comp_linkman`, `comp_linkman_tel`, `comp_sort`, `nature`, `is_platform`, `is_verified`, `verified_reason`, `verified_time`, `status`, `admin_person_id`, `admin_person_name`, `admin_person_mobile`, `tel`, `fax`, `mail`, `website`, `memo`, `comp_chit`, `comp_balance`, `business_category`, `created_at`, `updated_at`, `created_person_id`, `updated_person_id`, `is_deleted`, `bank_name`, `bank_account_name`, `bank_account_number`, `alipay_account_name`, `wechat_account_name`, `print_size`, `bill_name`, `wechat_account_qrcode`, `wechat_account_qrcode_content`, `wechat_receipt_qrcode`, `wechat_receipt_qrcode_content`, `alipay_account_qrcode`, `alipay_account_qrcode_content`, `alipay_receipt_qrcode`, `alipay_receipt_qrcode_content`, `print_bill`, `print_warn`, `allow_negative_on_hand_sell`, `expire_date`, `version`, `pay_remark`, `pay_remark_user_name`, `pay_remark_user_id`, `pay_remark_time`, `expire_status`) VALUES ('1203', NULL, '杭州贝雅服饰有限公司', '', '0', '', '0', '浙江省', '0', '3', '零售商', '0', '杭州市', '滨江区', '', '', '', '立业路', '', '', '', '潘女士', '', '1', '2', '0', '0', '', '0', '1', '138483', '', '13579722183', '', '', '', '', '', '0', '0', '1,2,3,4,5,113,114,115,116,164', '20180725160808', '20180727153016', '0', '138483', '0', '招商银行', '杭州贝雅服饰', '6223624531751245', 'ihappy_alipay', 'ihappy_wechat', '', '', '/public/uploads/0/qrcode/20180727/201807271107095027202.png', 'https://u.wechat.com/EFufzQMOpJn9DnWNK-PfLCc', '/public/uploads/0/qrcode/20180727/201807271530129748574.png', 'https://u.wechat.com/EFufzQMOpJn9DnWNK-PfLCc', '/public/uploads/0/qrcode/20180727/201807271107065507157.png', 'http://www.juliet.pub/', '/public/uploads/0/qrcode/20180727/201807271107162246375.png', 'http://www.juliet.pub/', '1', '提醒：钱款、件数请当面点清，离店概不负责，货物如有缺漏、损坏、到货请即通知，次品必需七天调换，不可退款，人为因素或逾期恕不退换，多谢合作！', '1', '20180809000000', '0', '', '', '0', '0', '0');

#门店
SELECT * from baseinfo_company_store where comp_id in (1201,1202,1203);
INSERT INTO `comp_central`.`baseinfo_company_store` (`store_id`, `store_no`, `store_name`, `store_region_id`, `store_region_name`, `area_id`, `province`, `city`, `zone`, `address`, `store_acreage`, `zip`, `store_phone`, `store_tel`, `store_contact`, `store_type`, `is_valid`, `create_time`, `close_time`, `business_hours`, `online`, `location`, `logo_url`, `comp_id`, `admin_person_id`, `status`, `manage_pattern`, `channel_type`, `sort`, `description`, `Online_show_sales`, `Online_show_stocks`, `Online_Reduce_after_payed`, `created_at`, `updated_at`, `created_person_id`, `updated_person_id`, `is_deleted`, `weshop_name`, `weshop_logo_images`, `weshop_manager_name`, `weshop_manager_id`, `weshop_contact_type`, `weshop_province`, `weshop_city`, `weshop_zone`, `weshop_address`, `business_category`, `weshop_images`, `weshop_notice`, `is_open_weshop_notice`, `weshop_status`, `is_deleted_weshop`, `print_ip`, `print_port`, `is_has_weshop`, `is_default`, `attributes`, `is_public`) VALUES ('356781201', NULL, '默认门店', '0', '', '0', '', '', '', '', '0', '', '', '', '', '0', '1', '1532695465', '0', '', '1', '', '', '1201', '138481', '0', '0', '0', '1', '', '0', '0', '1', '20180727204425', '20180727204425', '0', '0', '0', '默认微商铺', '', '', '138481', '17544474941', '浙江省', '杭州市', '滨江区', '滨安路', '1,2,3,4,5,113,114,115,116,164', '', '', '1', '2', '0', '', '', '1', '1', '', '0');
INSERT INTO `comp_central`.`baseinfo_company_store` (`store_id`, `store_no`, `store_name`, `store_region_id`, `store_region_name`, `area_id`, `province`, `city`, `zone`, `address`, `store_acreage`, `zip`, `store_phone`, `store_tel`, `store_contact`, `store_type`, `is_valid`, `create_time`, `close_time`, `business_hours`, `online`, `location`, `logo_url`, `comp_id`, `admin_person_id`, `status`, `manage_pattern`, `channel_type`, `sort`, `description`, `Online_show_sales`, `Online_show_stocks`, `Online_Reduce_after_payed`, `created_at`, `updated_at`, `created_person_id`, `updated_person_id`, `is_deleted`, `weshop_name`, `weshop_logo_images`, `weshop_manager_name`, `weshop_manager_id`, `weshop_contact_type`, `weshop_province`, `weshop_city`, `weshop_zone`, `weshop_address`, `business_category`, `weshop_images`, `weshop_notice`, `is_open_weshop_notice`, `weshop_status`, `is_deleted_weshop`, `print_ip`, `print_port`, `is_has_weshop`, `is_default`, `attributes`, `is_public`) VALUES ('356791201', NULL, '总仓', '0', '', '0', '', '', '', '', '0', '', '', '', '', '0', '1', '1532695465', '0', '', '1', '', '', '1201', '138481', '0', '0', '0', '1', '', '0', '0', '1', '20180727204425', '20180727204425', '0', '0', '0', '', '', '', '0', '', '', '', '', '', '', '', '', '1', '2', '0', '', '', '0', '0', '', '1');
INSERT INTO `comp_central`.`baseinfo_company_store` (`store_id`, `store_no`, `store_name`, `store_region_id`, `store_region_name`, `area_id`, `province`, `city`, `zone`, `address`, `store_acreage`, `zip`, `store_phone`, `store_tel`, `store_contact`, `store_type`, `is_valid`, `create_time`, `close_time`, `business_hours`, `online`, `location`, `logo_url`, `comp_id`, `admin_person_id`, `status`, `manage_pattern`, `channel_type`, `sort`, `description`, `Online_show_sales`, `Online_show_stocks`, `Online_Reduce_after_payed`, `created_at`, `updated_at`, `created_person_id`, `updated_person_id`, `is_deleted`, `weshop_name`, `weshop_logo_images`, `weshop_manager_name`, `weshop_manager_id`, `weshop_contact_type`, `weshop_province`, `weshop_city`, `weshop_zone`, `weshop_address`, `business_category`, `weshop_images`, `weshop_notice`, `is_open_weshop_notice`, `weshop_status`, `is_deleted_weshop`, `print_ip`, `print_port`, `is_has_weshop`, `is_default`, `attributes`, `is_public`) VALUES ('344891201', '1201', '紫涵四季青门店', '0', '', '0', '', '', '', '杭州四季青', '120', '', '17544474941', '05712817966', '', '0', '1', '1532506058', '0', '', '1', '', '', '1201', '138481', '0', '0', '0', '1', '', '0', '0', '1', '20180725160738', '20180727093206', '0', '138481', '0', '紫涵四季青微商铺', '/public/uploads/0/goods/20180727/201807271440177243279.jpeg', '张小晓', '138481', '17544474941', '', '', '', '', '1,2,3,4,5,113,114,115,116,164', '/public/uploads/0/goods/20180727/201807271440314693202.png', '蓝色自带清凉降温属性的特质令其成为夏季设计中必不可少的颜色。', '1', '1', '0', '', '', '1', '1', ';WESHOP_SHARE_QRCODE_URL_KEY:/somnus/1532653216681.png;', '0');
INSERT INTO `comp_central`.`baseinfo_company_store` (`store_id`, `store_no`, `store_name`, `store_region_id`, `store_region_name`, `area_id`, `province`, `city`, `zone`, `address`, `store_acreage`, `zip`, `store_phone`, `store_tel`, `store_contact`, `store_type`, `is_valid`, `create_time`, `close_time`, `business_hours`, `online`, `location`, `logo_url`, `comp_id`, `admin_person_id`, `status`, `manage_pattern`, `channel_type`, `sort`, `description`, `Online_show_sales`, `Online_show_stocks`, `Online_Reduce_after_payed`, `created_at`, `updated_at`, `created_person_id`, `updated_person_id`, `is_deleted`, `weshop_name`, `weshop_logo_images`, `weshop_manager_name`, `weshop_manager_id`, `weshop_contact_type`, `weshop_province`, `weshop_city`, `weshop_zone`, `weshop_address`, `business_category`, `weshop_images`, `weshop_notice`, `is_open_weshop_notice`, `weshop_status`, `is_deleted_weshop`, `print_ip`, `print_port`, `is_has_weshop`, `is_default`, `attributes`, `is_public`) VALUES ('356801202', NULL, '默认门店', '0', '', '0', '', '', '', '', '0', '', '', '', '', '0', '1', '1532695465', '0', '', '1', '', '', '1202', '138482', '0', '0', '0', '1', '', '0', '0', '1', '20180727204425', '20180727204425', '0', '0', '0', '默认微商铺', '', '', '138482', '15542125613', '浙江省', '杭州市', '滨江区', '滨康路', '1,2,3,4,5,113,114,115,116,164', '', '', '1', '2', '0', '', '', '1', '1', '', '0');
INSERT INTO `comp_central`.`baseinfo_company_store` (`store_id`, `store_no`, `store_name`, `store_region_id`, `store_region_name`, `area_id`, `province`, `city`, `zone`, `address`, `store_acreage`, `zip`, `store_phone`, `store_tel`, `store_contact`, `store_type`, `is_valid`, `create_time`, `close_time`, `business_hours`, `online`, `location`, `logo_url`, `comp_id`, `admin_person_id`, `status`, `manage_pattern`, `channel_type`, `sort`, `description`, `Online_show_sales`, `Online_show_stocks`, `Online_Reduce_after_payed`, `created_at`, `updated_at`, `created_person_id`, `updated_person_id`, `is_deleted`, `weshop_name`, `weshop_logo_images`, `weshop_manager_name`, `weshop_manager_id`, `weshop_contact_type`, `weshop_province`, `weshop_city`, `weshop_zone`, `weshop_address`, `business_category`, `weshop_images`, `weshop_notice`, `is_open_weshop_notice`, `weshop_status`, `is_deleted_weshop`, `print_ip`, `print_port`, `is_has_weshop`, `is_default`, `attributes`, `is_public`) VALUES ('356811202', NULL, '总仓', '0', '', '0', '', '', '', '', '0', '', '', '', '', '0', '1', '1532695465', '0', '', '1', '', '', '1202', '138482', '0', '0', '0', '1', '', '0', '0', '1', '20180727204425', '20180727204425', '0', '0', '0', '', '', '', '0', '', '', '', '', '', '', '', '', '1', '2', '0', '', '', '0', '0', '', '1');
INSERT INTO `comp_central`.`baseinfo_company_store` (`store_id`, `store_no`, `store_name`, `store_region_id`, `store_region_name`, `area_id`, `province`, `city`, `zone`, `address`, `store_acreage`, `zip`, `store_phone`, `store_tel`, `store_contact`, `store_type`, `is_valid`, `create_time`, `close_time`, `business_hours`, `online`, `location`, `logo_url`, `comp_id`, `admin_person_id`, `status`, `manage_pattern`, `channel_type`, `sort`, `description`, `Online_show_sales`, `Online_show_stocks`, `Online_Reduce_after_payed`, `created_at`, `updated_at`, `created_person_id`, `updated_person_id`, `is_deleted`, `weshop_name`, `weshop_logo_images`, `weshop_manager_name`, `weshop_manager_id`, `weshop_contact_type`, `weshop_province`, `weshop_city`, `weshop_zone`, `weshop_address`, `business_category`, `weshop_images`, `weshop_notice`, `is_open_weshop_notice`, `weshop_status`, `is_deleted_weshop`, `print_ip`, `print_port`, `is_has_weshop`, `is_default`, `attributes`, `is_public`) VALUES ('344901202', '1202', '海草门店', '0', '', '0', '', '', '', '杭州东湖街道', '130', '', '15542125613', '057128632354', '', '0', '1', '1532506083', '0', '', '1', '', '', '1202', '138482', '0', '0', '0', '1', '', '0', '0', '1', '20180725160803', '20180727102310', '0', '138482', '0', '默认微商铺', '/public/uploads/0/goods/20180727/201807271441101117523.jpeg', '演示二批批发商', '138482', '15542125613', '', '', '', '', '1,2,3,4,5,113,114,115,116,164', '/public/uploads/0/goods/20180727/201807271441176639385.png', '开业大吉！炎炎夏日，捕捉时尚，为您搭配最美的自己！', '1', '1', '0', '', '', '1', '1', '', '0');
INSERT INTO `comp_central`.`baseinfo_company_store` (`store_id`, `store_no`, `store_name`, `store_region_id`, `store_region_name`, `area_id`, `province`, `city`, `zone`, `address`, `store_acreage`, `zip`, `store_phone`, `store_tel`, `store_contact`, `store_type`, `is_valid`, `create_time`, `close_time`, `business_hours`, `online`, `location`, `logo_url`, `comp_id`, `admin_person_id`, `status`, `manage_pattern`, `channel_type`, `sort`, `description`, `Online_show_sales`, `Online_show_stocks`, `Online_Reduce_after_payed`, `created_at`, `updated_at`, `created_person_id`, `updated_person_id`, `is_deleted`, `weshop_name`, `weshop_logo_images`, `weshop_manager_name`, `weshop_manager_id`, `weshop_contact_type`, `weshop_province`, `weshop_city`, `weshop_zone`, `weshop_address`, `business_category`, `weshop_images`, `weshop_notice`, `is_open_weshop_notice`, `weshop_status`, `is_deleted_weshop`, `print_ip`, `print_port`, `is_has_weshop`, `is_default`, `attributes`, `is_public`) VALUES ('356821203', NULL, '默认门店', '0', '', '0', '', '', '', '', '0', '', '', '', '', '0', '1', '1532695465', '0', '', '1', '', '', '1203', '138483', '0', '0', '0', '1', '', '0', '0', '1', '20180727204425', '20180727204425', '0', '0', '0', '默认微商铺', '', '', '138483', '13579722183', '浙江省', '杭州市', '滨江区', '立业路', '1,2,3,4,5,113,114,115,116,164', '', '', '1', '2', '0', '', '', '1', '1', '', '0');
INSERT INTO `comp_central`.`baseinfo_company_store` (`store_id`, `store_no`, `store_name`, `store_region_id`, `store_region_name`, `area_id`, `province`, `city`, `zone`, `address`, `store_acreage`, `zip`, `store_phone`, `store_tel`, `store_contact`, `store_type`, `is_valid`, `create_time`, `close_time`, `business_hours`, `online`, `location`, `logo_url`, `comp_id`, `admin_person_id`, `status`, `manage_pattern`, `channel_type`, `sort`, `description`, `Online_show_sales`, `Online_show_stocks`, `Online_Reduce_after_payed`, `created_at`, `updated_at`, `created_person_id`, `updated_person_id`, `is_deleted`, `weshop_name`, `weshop_logo_images`, `weshop_manager_name`, `weshop_manager_id`, `weshop_contact_type`, `weshop_province`, `weshop_city`, `weshop_zone`, `weshop_address`, `business_category`, `weshop_images`, `weshop_notice`, `is_open_weshop_notice`, `weshop_status`, `is_deleted_weshop`, `print_ip`, `print_port`, `is_has_weshop`, `is_default`, `attributes`, `is_public`) VALUES ('356831203', NULL, '总仓', '0', '', '0', '', '', '', '', '0', '', '', '', '', '0', '1', '1532695465', '0', '', '1', '', '', '1203', '138483', '0', '0', '0', '1', '', '0', '0', '1', '20180727204425', '20180727204425', '0', '0', '0', '', '', '', '0', '', '', '', '', '', '', '', '', '1', '2', '0', '', '', '0', '0', '', '1');
INSERT INTO `comp_central`.`baseinfo_company_store` (`store_id`, `store_no`, `store_name`, `store_region_id`, `store_region_name`, `area_id`, `province`, `city`, `zone`, `address`, `store_acreage`, `zip`, `store_phone`, `store_tel`, `store_contact`, `store_type`, `is_valid`, `create_time`, `close_time`, `business_hours`, `online`, `location`, `logo_url`, `comp_id`, `admin_person_id`, `status`, `manage_pattern`, `channel_type`, `sort`, `description`, `Online_show_sales`, `Online_show_stocks`, `Online_Reduce_after_payed`, `created_at`, `updated_at`, `created_person_id`, `updated_person_id`, `is_deleted`, `weshop_name`, `weshop_logo_images`, `weshop_manager_name`, `weshop_manager_id`, `weshop_contact_type`, `weshop_province`, `weshop_city`, `weshop_zone`, `weshop_address`, `business_category`, `weshop_images`, `weshop_notice`, `is_open_weshop_notice`, `weshop_status`, `is_deleted_weshop`, `print_ip`, `print_port`, `is_has_weshop`, `is_default`, `attributes`, `is_public`) VALUES ('344911203', '1203', '贝雅门店', '0', '', '0', '', '', '', '杭州滨江区立业路', '140', '', '13579722183', '', '', '0', '1', '1532506088', '0', '', '1', '', '', '1203', '138483', '0', '0', '0', '1', '', '0', '0', '1', '20180725160808', '20180727111117', '0', '138483', '0', '贝雅微商铺', '/public/uploads/0/goods/20180727/20180727143840705463.jpeg', '演示零售商', '138483', '13579722183', '', '', '', '', '1,2,3,4,5,113,114,115,116,164', '/public/uploads/0/goods/20180727/201807271438479238603.png', '', '1', '1', '0', '', '', '1', '1', '', '0');

#仓库数据
SELECT * from baseinfo_company_stock where comp_id in (1201,1202,1203);
INSERT INTO `comp_central`.`baseinfo_company_stock` (`stock_id`, `stock_no`, `stock_name`, `stock_memo`, `stock_acreage`, `area_id`, `province`, `city`, `zone`, `address`, `stock_tel`, `stock_linkman`, `comp_id`, `store_id`, `sort`, `created_at`, `updated_at`, `created_person_id`, `updated_person_id`, `is_deleted`, `forbidden`, `is_public`, `inventorying`, `is_default`) VALUES ('351971201', '', '紫涵四季青门店仓库', NULL, '150', '0', '浙江省', '杭州市', '滨江区', '', '', '', '1201', '344891201', '1', '20180725160738', '20180727102616', '0', '138481', '0', '0', '0', '0', '1');
INSERT INTO `comp_central`.`baseinfo_company_stock` (`stock_id`, `stock_no`, `stock_name`, `stock_memo`, `stock_acreage`, `area_id`, `province`, `city`, `zone`, `address`, `stock_tel`, `stock_linkman`, `comp_id`, `store_id`, `sort`, `created_at`, `updated_at`, `created_person_id`, `updated_person_id`, `is_deleted`, `forbidden`, `is_public`, `inventorying`, `is_default`) VALUES ('355251201', '', '默认门店仓库', NULL, '0', '0', '', '', '', '', '', '', '1201', '356781201', '1', '20180727204425', '20180727204425', '0', '0', '0', '0', '0', '0', '1');
INSERT INTO `comp_central`.`baseinfo_company_stock` (`stock_id`, `stock_no`, `stock_name`, `stock_memo`, `stock_acreage`, `area_id`, `province`, `city`, `zone`, `address`, `stock_tel`, `stock_linkman`, `comp_id`, `store_id`, `sort`, `created_at`, `updated_at`, `created_person_id`, `updated_person_id`, `is_deleted`, `forbidden`, `is_public`, `inventorying`, `is_default`) VALUES ('351961201', '', '总仓', NULL, '0', '0', '', '', '', '', '', '', '1201', '356791201', '1', '20180725160738', '20180725160738', '0', '0', '0', '0', '1', '0', '0');
INSERT INTO `comp_central`.`baseinfo_company_stock` (`stock_id`, `stock_no`, `stock_name`, `stock_memo`, `stock_acreage`, `area_id`, `province`, `city`, `zone`, `address`, `stock_tel`, `stock_linkman`, `comp_id`, `store_id`, `sort`, `created_at`, `updated_at`, `created_person_id`, `updated_person_id`, `is_deleted`, `forbidden`, `is_public`, `inventorying`, `is_default`) VALUES ('352001202', '', '海草门店仓库', NULL, '130', '0', '浙江省', '杭州市', '余杭区', '东湖街道', '', '', '1202', '344901202', '1', '20180725160803', '20180727102607', '0', '138482', '0', '0', '0', '0', '1');
INSERT INTO `comp_central`.`baseinfo_company_stock` (`stock_id`, `stock_no`, `stock_name`, `stock_memo`, `stock_acreage`, `area_id`, `province`, `city`, `zone`, `address`, `stock_tel`, `stock_linkman`, `comp_id`, `store_id`, `sort`, `created_at`, `updated_at`, `created_person_id`, `updated_person_id`, `is_deleted`, `forbidden`, `is_public`, `inventorying`, `is_default`) VALUES ('355261202', '', '默认门店仓库', NULL, '0', '0', '', '', '', '', '', '', '1202', '356801202', '1', '20180727204425', '20180727204425', '0', '0', '0', '0', '0', '0', '1');
INSERT INTO `comp_central`.`baseinfo_company_stock` (`stock_id`, `stock_no`, `stock_name`, `stock_memo`, `stock_acreage`, `area_id`, `province`, `city`, `zone`, `address`, `stock_tel`, `stock_linkman`, `comp_id`, `store_id`, `sort`, `created_at`, `updated_at`, `created_person_id`, `updated_person_id`, `is_deleted`, `forbidden`, `is_public`, `inventorying`, `is_default`) VALUES ('351991202', '', '总仓', NULL, '0', '0', '', '', '', '', '', '', '1202', '356811202', '1', '20180725160803', '20180725160803', '0', '0', '0', '0', '1', '0', '0');
INSERT INTO `comp_central`.`baseinfo_company_stock` (`stock_id`, `stock_no`, `stock_name`, `stock_memo`, `stock_acreage`, `area_id`, `province`, `city`, `zone`, `address`, `stock_tel`, `stock_linkman`, `comp_id`, `store_id`, `sort`, `created_at`, `updated_at`, `created_person_id`, `updated_person_id`, `is_deleted`, `forbidden`, `is_public`, `inventorying`, `is_default`) VALUES ('352031203', '', '贝雅门店仓库', NULL, '140', '0', '浙江省', '杭州市', '滨江区', '立业路', '', '', '1203', '344911203', '1', '20180725160808', '20180727111212', '0', '138483', '0', '0', '0', '0', '1');
INSERT INTO `comp_central`.`baseinfo_company_stock` (`stock_id`, `stock_no`, `stock_name`, `stock_memo`, `stock_acreage`, `area_id`, `province`, `city`, `zone`, `address`, `stock_tel`, `stock_linkman`, `comp_id`, `store_id`, `sort`, `created_at`, `updated_at`, `created_person_id`, `updated_person_id`, `is_deleted`, `forbidden`, `is_public`, `inventorying`, `is_default`) VALUES ('355271203', '', '默认门店仓库', NULL, '0', '0', '', '', '', '', '', '', '1203', '356821203', '1', '20180727204425', '20180727204425', '0', '0', '0', '0', '0', '0', '1');
INSERT INTO `comp_central`.`baseinfo_company_stock` (`stock_id`, `stock_no`, `stock_name`, `stock_memo`, `stock_acreage`, `area_id`, `province`, `city`, `zone`, `address`, `stock_tel`, `stock_linkman`, `comp_id`, `store_id`, `sort`, `created_at`, `updated_at`, `created_person_id`, `updated_person_id`, `is_deleted`, `forbidden`, `is_public`, `inventorying`, `is_default`) VALUES ('352021203', '', '总仓', NULL, '0', '0', '', '', '', '', '', '', '1203', '356831203', '1', '20180725160808', '20180725160808', '0', '0', '0', '0', '1', '0', '0');

#Partner
SELECT * from baseinfo_company_partner_4 where comp_id in (1201,1202,1203);
INSERT INTO `comp_central`.`baseinfo_company_partner_4` (`partner_id`, `partner_comp_id`, `partner_name`, `is_favor`, `comp_id`, `comp_name`, `partner_level_id`, `partner_memo`, `partner_type`, `sort`, `version`, `partner_arrears`, `partner_discount`, `mobile`, `created_at`, `updated_at`, `created_person_id`, `updated_person_id`, `is_deleted`, `partner_linkman`, `province`, `city`, `zone`, `partner_address`, `bank_name`, `bank_account_name`, `bank_account_number`, `mail`, `fax`, `head_portrait_address`, `tel`, `last_contact_time`, `consumption_times`, `wechat_nickname`, `forbidden`, `member_no`, `shopping_guide_id`, `store_id`, `sex`, `birthday`, `total_transaction_amount`, `is_can_edit`, `is_default`) VALUES ('71804631201', '0', '我的工厂', '0', '1201', '0', '0', '', '0', '1', '0', '0', '0', '', '20180725160738', '20180725160738', '0', '0', '0', '我的工厂', '', '', '', '', '', '', '', '', '', '', '', '20180727161242', '3', '', '0', '', '0', '0', '0', '', '0', '1', '1');
INSERT INTO `comp_central`.`baseinfo_company_partner_4` (`partner_id`, `partner_comp_id`, `partner_name`, `is_favor`, `comp_id`, `comp_name`, `partner_level_id`, `partner_memo`, `partner_type`, `sort`, `version`, `partner_arrears`, `partner_discount`, `mobile`, `created_at`, `updated_at`, `created_person_id`, `updated_person_id`, `is_deleted`, `partner_linkman`, `province`, `city`, `zone`, `partner_address`, `bank_name`, `bank_account_name`, `bank_account_number`, `mail`, `fax`, `head_portrait_address`, `tel`, `last_contact_time`, `consumption_times`, `wechat_nickname`, `forbidden`, `member_no`, `shopping_guide_id`, `store_id`, `sex`, `birthday`, `total_transaction_amount`, `is_can_edit`, `is_default`) VALUES ('71806091201', '0', '玫优服业', '0', '1201', '0', '0', '', '0', '1', '0', '0', '0', '18648913662', '20180727101008', '20180727101008', '138481', '0', '0', '何女士', '浙江省', '杭州市', '西湖区', '', '', '', '', '', '', '/public/uploads/0/goods/20180727/201807271008399815427.jpeg', '', '0', '0', '', '0', '', '0', '0', '0', '', '0', '1', '0');
INSERT INTO `comp_central`.`baseinfo_company_partner_4` (`partner_id`, `partner_comp_id`, `partner_name`, `is_favor`, `comp_id`, `comp_name`, `partner_level_id`, `partner_memo`, `partner_type`, `sort`, `version`, `partner_arrears`, `partner_discount`, `mobile`, `created_at`, `updated_at`, `created_person_id`, `updated_person_id`, `is_deleted`, `partner_linkman`, `province`, `city`, `zone`, `partner_address`, `bank_name`, `bank_account_name`, `bank_account_number`, `mail`, `fax`, `head_portrait_address`, `tel`, `last_contact_time`, `consumption_times`, `wechat_nickname`, `forbidden`, `member_no`, `shopping_guide_id`, `store_id`, `sex`, `birthday`, `total_transaction_amount`, `is_can_edit`, `is_default`) VALUES ('71804641201', '0', '散客', '0', '1201', '0', '0', '', '1', '1', '0', '0', '0', '', '20180725160738', '20180725160738', '0', '0', '0', '散客', '', '', '', '', '', '', '', '', '', '', '', '0', '0', '', '0', '', '0', '0', '0', '', '0', '1', '1');
INSERT INTO `comp_central`.`baseinfo_company_partner_4` (`partner_id`, `partner_comp_id`, `partner_name`, `is_favor`, `comp_id`, `comp_name`, `partner_level_id`, `partner_memo`, `partner_type`, `sort`, `version`, `partner_arrears`, `partner_discount`, `mobile`, `created_at`, `updated_at`, `created_person_id`, `updated_person_id`, `is_deleted`, `partner_linkman`, `province`, `city`, `zone`, `partner_address`, `bank_name`, `bank_account_name`, `bank_account_number`, `mail`, `fax`, `head_portrait_address`, `tel`, `last_contact_time`, `consumption_times`, `wechat_nickname`, `forbidden`, `member_no`, `shopping_guide_id`, `store_id`, `sex`, `birthday`, `total_transaction_amount`, `is_can_edit`, `is_default`) VALUES ('71806801201', '1202', '杭州海草服饰有限公司', '0', '1201', '0', '0', '', '1', '1', '0', '0', '0', '15542125613', '20180727161753', '20180727161753', '0', '0', '0', '杭州海草服饰有限公司', '', '', '', '', '', '', '', '', '', '', '', '0', '0', '', '0', '', '0', '0', '0', '', '0', '1', '0');
INSERT INTO `comp_central`.`baseinfo_company_partner_4` (`partner_id`, `partner_comp_id`, `partner_name`, `is_favor`, `comp_id`, `comp_name`, `partner_level_id`, `partner_memo`, `partner_type`, `sort`, `version`, `partner_arrears`, `partner_discount`, `mobile`, `created_at`, `updated_at`, `created_person_id`, `updated_person_id`, `is_deleted`, `partner_linkman`, `province`, `city`, `zone`, `partner_address`, `bank_name`, `bank_account_name`, `bank_account_number`, `mail`, `fax`, `head_portrait_address`, `tel`, `last_contact_time`, `consumption_times`, `wechat_nickname`, `forbidden`, `member_no`, `shopping_guide_id`, `store_id`, `sex`, `birthday`, `total_transaction_amount`, `is_can_edit`, `is_default`) VALUES ('71805631201', '0', '演示二级批发商', '0', '1201', '0', '188561201', '', '1', '1', '0', '971700', '0', '15542125613', '20180726190254', '20180727105329', '138481', '138481', '0', '演示二级批发商', '浙江省', '杭州市', '滨江区', '滨康路', '招商银行', '杭州海草服业', '6223153455424512', '', '', '/public/uploads/0/goods/20180726/201807261854456054215.jpeg', '', '20180727160400', '4', '', '0', '', '0', '0', '0', '', '0', '1', '0');
INSERT INTO `comp_central`.`baseinfo_company_partner_4` (`partner_id`, `partner_comp_id`, `partner_name`, `is_favor`, `comp_id`, `comp_name`, `partner_level_id`, `partner_memo`, `partner_type`, `sort`, `version`, `partner_arrears`, `partner_discount`, `mobile`, `created_at`, `updated_at`, `created_person_id`, `updated_person_id`, `is_deleted`, `partner_linkman`, `province`, `city`, `zone`, `partner_address`, `bank_name`, `bank_account_name`, `bank_account_number`, `mail`, `fax`, `head_portrait_address`, `tel`, `last_contact_time`, `consumption_times`, `wechat_nickname`, `forbidden`, `member_no`, `shopping_guide_id`, `store_id`, `sex`, `birthday`, `total_transaction_amount`, `is_can_edit`, `is_default`) VALUES ('71805641201', '0', '演示二级批发商', '0', '1201', '0', '188561201', '', '1', '1', '0', '0', '0', '15542125613', '20180726190256', '20180726193123', '138481', '138481', '1', '演示二级批发商', '浙江省', '杭州市', '滨江区', '滨康路', '', '', '', '', '', '/public/uploads/0/goods/20180726/201807261854456054215.jpeg', '', '0', '0', '', '0', '', '0', '0', '0', '', '0', '1', '0');
INSERT INTO `comp_central`.`baseinfo_company_partner_4` (`partner_id`, `partner_comp_id`, `partner_name`, `is_favor`, `comp_id`, `comp_name`, `partner_level_id`, `partner_memo`, `partner_type`, `sort`, `version`, `partner_arrears`, `partner_discount`, `mobile`, `created_at`, `updated_at`, `created_person_id`, `updated_person_id`, `is_deleted`, `partner_linkman`, `province`, `city`, `zone`, `partner_address`, `bank_name`, `bank_account_name`, `bank_account_number`, `mail`, `fax`, `head_portrait_address`, `tel`, `last_contact_time`, `consumption_times`, `wechat_nickname`, `forbidden`, `member_no`, `shopping_guide_id`, `store_id`, `sex`, `birthday`, `total_transaction_amount`, `is_can_edit`, `is_default`) VALUES ('71805651201', '0', '演示二级批发商', '0', '1201', '0', '188561201', '', '1', '1', '0', '0', '0', '15542125613', '20180726190257', '20180726193111', '138481', '138481', '1', '演示二级批发商', '浙江省', '杭州市', '滨江区', '滨康路', '', '', '', '', '', '/public/uploads/0/goods/20180726/201807261854456054215.jpeg', '', '0', '0', '', '0', '', '0', '0', '0', '', '0', '1', '0');
INSERT INTO `comp_central`.`baseinfo_company_partner_4` (`partner_id`, `partner_comp_id`, `partner_name`, `is_favor`, `comp_id`, `comp_name`, `partner_level_id`, `partner_memo`, `partner_type`, `sort`, `version`, `partner_arrears`, `partner_discount`, `mobile`, `created_at`, `updated_at`, `created_person_id`, `updated_person_id`, `is_deleted`, `partner_linkman`, `province`, `city`, `zone`, `partner_address`, `bank_name`, `bank_account_name`, `bank_account_number`, `mail`, `fax`, `head_portrait_address`, `tel`, `last_contact_time`, `consumption_times`, `wechat_nickname`, `forbidden`, `member_no`, `shopping_guide_id`, `store_id`, `sex`, `birthday`, `total_transaction_amount`, `is_can_edit`, `is_default`) VALUES ('71805661201', '0', '演示二级批发商', '0', '1201', '0', '188561201', '', '1', '1', '0', '0', '0', '15542125613', '20180726190257', '20180726193118', '138481', '138481', '1', '演示二级批发商', '浙江省', '杭州市', '滨江区', '滨康路', '', '', '', '', '', '/public/uploads/0/goods/20180726/201807261854456054215.jpeg', '', '0', '0', '', '0', '', '0', '0', '0', '', '0', '1', '0');
INSERT INTO `comp_central`.`baseinfo_company_partner_4` (`partner_id`, `partner_comp_id`, `partner_name`, `is_favor`, `comp_id`, `comp_name`, `partner_level_id`, `partner_memo`, `partner_type`, `sort`, `version`, `partner_arrears`, `partner_discount`, `mobile`, `created_at`, `updated_at`, `created_person_id`, `updated_person_id`, `is_deleted`, `partner_linkman`, `province`, `city`, `zone`, `partner_address`, `bank_name`, `bank_account_name`, `bank_account_number`, `mail`, `fax`, `head_portrait_address`, `tel`, `last_contact_time`, `consumption_times`, `wechat_nickname`, `forbidden`, `member_no`, `shopping_guide_id`, `store_id`, `sex`, `birthday`, `total_transaction_amount`, `is_can_edit`, `is_default`) VALUES ('71805671201', '0', '演示二级批发商', '0', '1201', '0', '188561201', '', '1', '1', '0', '0', '0', '15542125613', '20180726190258', '20180726193105', '138481', '138481', '1', '演示二级批发商', '浙江省', '杭州市', '滨江区', '滨康路', '', '', '', '', '', '/public/uploads/0/goods/20180726/201807261854456054215.jpeg', '', '0', '0', '', '0', '', '0', '0', '0', '', '0', '1', '0');
INSERT INTO `comp_central`.`baseinfo_company_partner_4` (`partner_id`, `partner_comp_id`, `partner_name`, `is_favor`, `comp_id`, `comp_name`, `partner_level_id`, `partner_memo`, `partner_type`, `sort`, `version`, `partner_arrears`, `partner_discount`, `mobile`, `created_at`, `updated_at`, `created_person_id`, `updated_person_id`, `is_deleted`, `partner_linkman`, `province`, `city`, `zone`, `partner_address`, `bank_name`, `bank_account_name`, `bank_account_number`, `mail`, `fax`, `head_portrait_address`, `tel`, `last_contact_time`, `consumption_times`, `wechat_nickname`, `forbidden`, `member_no`, `shopping_guide_id`, `store_id`, `sex`, `birthday`, `total_transaction_amount`, `is_can_edit`, `is_default`) VALUES ('71805681201', '0', '演示二级批发商', '0', '1201', '0', '188561201', '', '1', '1', '0', '0', '0', '15542125613', '20180726191119', '20180726193059', '138481', '138481', '1', '演示二级批发商', '浙江省', '杭州市', '滨江区', '滨康路', '', '', '', '', '', '/public/uploads/0/goods/20180726/201807261854456054215.jpeg', '', '0', '0', '', '0', '', '0', '0', '0', '', '0', '1', '0');
INSERT INTO `comp_central`.`baseinfo_company_partner_4` (`partner_id`, `partner_comp_id`, `partner_name`, `is_favor`, `comp_id`, `comp_name`, `partner_level_id`, `partner_memo`, `partner_type`, `sort`, `version`, `partner_arrears`, `partner_discount`, `mobile`, `created_at`, `updated_at`, `created_person_id`, `updated_person_id`, `is_deleted`, `partner_linkman`, `province`, `city`, `zone`, `partner_address`, `bank_name`, `bank_account_name`, `bank_account_number`, `mail`, `fax`, `head_portrait_address`, `tel`, `last_contact_time`, `consumption_times`, `wechat_nickname`, `forbidden`, `member_no`, `shopping_guide_id`, `store_id`, `sex`, `birthday`, `total_transaction_amount`, `is_can_edit`, `is_default`) VALUES ('71805691201', '0', '演示二级批发商', '0', '1201', '0', '188561201', '', '1', '1', '0', '0', '0', '15542125613', '20180726191121', '20180726193051', '138481', '138481', '1', '演示二级批发商', '浙江省', '杭州市', '滨江区', '滨康路', '', '', '', '', '', '/public/uploads/0/goods/20180726/201807261854456054215.jpeg', '', '0', '0', '', '0', '', '0', '0', '0', '', '0', '1', '0');
INSERT INTO `comp_central`.`baseinfo_company_partner_4` (`partner_id`, `partner_comp_id`, `partner_name`, `is_favor`, `comp_id`, `comp_name`, `partner_level_id`, `partner_memo`, `partner_type`, `sort`, `version`, `partner_arrears`, `partner_discount`, `mobile`, `created_at`, `updated_at`, `created_person_id`, `updated_person_id`, `is_deleted`, `partner_linkman`, `province`, `city`, `zone`, `partner_address`, `bank_name`, `bank_account_name`, `bank_account_number`, `mail`, `fax`, `head_portrait_address`, `tel`, `last_contact_time`, `consumption_times`, `wechat_nickname`, `forbidden`, `member_no`, `shopping_guide_id`, `store_id`, `sex`, `birthday`, `total_transaction_amount`, `is_can_edit`, `is_default`) VALUES ('71805781201', '0', '演示二级批发商', '0', '1201', '0', '188561201', '', '1', '1', '0', '0', '0', '15542125613', '20180726193022', '20180726193046', '138481', '138481', '1', '演示二级批发商', '浙江省', '杭州市', '滨江区', '滨康路', '', '', '', '', '', '/public/uploads/0/goods/20180726/201807261854456054215.jpeg', '', '0', '0', '', '0', '', '0', '0', '0', '', '0', '1', '0');

SELECT * from baseinfo_company_partner_5 where comp_id in (1201,1202,1203);
INSERT INTO `comp_central`.`baseinfo_company_partner_5` (`partner_id`, `partner_comp_id`, `partner_name`, `is_favor`, `comp_id`, `comp_name`, `partner_level_id`, `partner_memo`, `partner_type`, `sort`, `version`, `partner_arrears`, `partner_discount`, `mobile`, `created_at`, `updated_at`, `created_person_id`, `updated_person_id`, `is_deleted`, `partner_linkman`, `province`, `city`, `zone`, `partner_address`, `bank_name`, `bank_account_name`, `bank_account_number`, `mail`, `fax`, `head_portrait_address`, `last_contact_time`, `consumption_times`, `wechat_nickname`, `forbidden`, `member_no`, `shopping_guide_id`, `store_id`, `sex`, `birthday`, `total_transaction_amount`, `is_can_edit`, `is_default`, `tel`) VALUES ('71804651202', '0', '默认供应商', '0', '1202', '0', '0', '', '0', '1', '0', '0', '0', '', '20180725160803', '20180725160803', '0', '0', '0', '默认供应商', '', '', '', '', '', '', '', '', '', '', '0', '0', '', '0', '', '0', '0', '0', '', '0', '1', '1', '');
INSERT INTO `comp_central`.`baseinfo_company_partner_5` (`partner_id`, `partner_comp_id`, `partner_name`, `is_favor`, `comp_id`, `comp_name`, `partner_level_id`, `partner_memo`, `partner_type`, `sort`, `version`, `partner_arrears`, `partner_discount`, `mobile`, `created_at`, `updated_at`, `created_person_id`, `updated_person_id`, `is_deleted`, `partner_linkman`, `province`, `city`, `zone`, `partner_address`, `bank_name`, `bank_account_name`, `bank_account_number`, `mail`, `fax`, `head_portrait_address`, `last_contact_time`, `consumption_times`, `wechat_nickname`, `forbidden`, `member_no`, `shopping_guide_id`, `store_id`, `sex`, `birthday`, `total_transaction_amount`, `is_can_edit`, `is_default`, `tel`) VALUES ('71806181202', '1201', '杭州紫涵服饰有限公司', '0', '1202', '0', '0', '', '0', '1', '0', '0', '0', '17544474941', '20180727101542', '20180727101542', '138482', '138482', '0', '张小晓', '', '', '', '', '', '', '', '', '', '', '20180727162149', '6', '', '0', '', '0', '0', '0', '', '0', '1', '0', '');
INSERT INTO `comp_central`.`baseinfo_company_partner_5` (`partner_id`, `partner_comp_id`, `partner_name`, `is_favor`, `comp_id`, `comp_name`, `partner_level_id`, `partner_memo`, `partner_type`, `sort`, `version`, `partner_arrears`, `partner_discount`, `mobile`, `created_at`, `updated_at`, `created_person_id`, `updated_person_id`, `is_deleted`, `partner_linkman`, `province`, `city`, `zone`, `partner_address`, `bank_name`, `bank_account_name`, `bank_account_number`, `mail`, `fax`, `head_portrait_address`, `last_contact_time`, `consumption_times`, `wechat_nickname`, `forbidden`, `member_no`, `shopping_guide_id`, `store_id`, `sex`, `birthday`, `total_transaction_amount`, `is_can_edit`, `is_default`, `tel`) VALUES ('71804661202', '0', '散客', '0', '1202', '0', '0', '', '1', '1', '0', '0', '0', '', '20180725160803', '20180725160803', '0', '0', '0', '散客', '', '', '', '', '', '', '', '', '', '', '0', '0', '', '0', '', '0', '0', '0', '', '0', '1', '1', '');
INSERT INTO `comp_central`.`baseinfo_company_partner_5` (`partner_id`, `partner_comp_id`, `partner_name`, `is_favor`, `comp_id`, `comp_name`, `partner_level_id`, `partner_memo`, `partner_type`, `sort`, `version`, `partner_arrears`, `partner_discount`, `mobile`, `created_at`, `updated_at`, `created_person_id`, `updated_person_id`, `is_deleted`, `partner_linkman`, `province`, `city`, `zone`, `partner_address`, `bank_name`, `bank_account_name`, `bank_account_number`, `mail`, `fax`, `head_portrait_address`, `last_contact_time`, `consumption_times`, `wechat_nickname`, `forbidden`, `member_no`, `shopping_guide_id`, `store_id`, `sex`, `birthday`, `total_transaction_amount`, `is_can_edit`, `is_default`, `tel`) VALUES ('71806501202', '1203', '杭州贝雅服饰有限公司', '0', '1202', '0', '0', '', '1', '1', '0', '0', '0', '13579722183', '20180727112254', '20180727112254', '0', '0', '0', '杭州贝雅服饰有限公司', '', '', '', '', '', '', '', '', '', '', '20180727161655', '3', '', '0', '', '0', '0', '0', '', '0', '1', '0', '');
INSERT INTO `comp_central`.`baseinfo_company_partner_5` (`partner_id`, `partner_comp_id`, `partner_name`, `is_favor`, `comp_id`, `comp_name`, `partner_level_id`, `partner_memo`, `partner_type`, `sort`, `version`, `partner_arrears`, `partner_discount`, `mobile`, `created_at`, `updated_at`, `created_person_id`, `updated_person_id`, `is_deleted`, `partner_linkman`, `province`, `city`, `zone`, `partner_address`, `bank_name`, `bank_account_name`, `bank_account_number`, `mail`, `fax`, `head_portrait_address`, `last_contact_time`, `consumption_times`, `wechat_nickname`, `forbidden`, `member_no`, `shopping_guide_id`, `store_id`, `sex`, `birthday`, `total_transaction_amount`, `is_can_edit`, `is_default`, `tel`) VALUES ('71806291202', '0', '演示零售商', '0', '1202', '0', '188571202', '', '1', '1', '0', '0', '0', '13579722183', '20180727110107', '20180727110107', '138482', '0', '0', '演示零售商', '浙江省', '杭州市', '滨江区', '立业路', '招商银行', '杭州贝雅服业', '6223624531751245', '', '', '/public/uploads/0/goods/20180727/201807271101042268652.jpeg', '20180727111357', '1', '', '0', '', '0', '0', '0', '', '0', '1', '0', '');

SELECT * from baseinfo_company_partner_6 where comp_id in (1201,1202,1203);
INSERT INTO `comp_central`.`baseinfo_company_partner_6` (`partner_id`, `partner_comp_id`, `partner_name`, `is_favor`, `comp_id`, `comp_name`, `partner_level_id`, `partner_memo`, `partner_type`, `sort`, `version`, `partner_arrears`, `partner_discount`, `mobile`, `created_at`, `updated_at`, `created_person_id`, `updated_person_id`, `is_deleted`, `partner_linkman`, `province`, `city`, `zone`, `partner_address`, `bank_name`, `bank_account_name`, `bank_account_number`, `mail`, `fax`, `head_portrait_address`, `tel`, `last_contact_time`, `consumption_times`, `wechat_nickname`, `forbidden`, `member_no`, `shopping_guide_id`, `store_id`, `sex`, `birthday`, `total_transaction_amount`, `is_can_edit`, `is_default`) VALUES ('71804671203', '0', '默认供应商', '0', '1203', '0', '0', '', '0', '1', '0', '0', '0', '', '20180725160808', '20180725160808', '0', '0', '0', '默认供应商', '', '', '', '', '', '', '', '', '', '', '', '0', '0', '', '0', '', '0', '0', '0', '', '0', '1', '1');
INSERT INTO `comp_central`.`baseinfo_company_partner_6` (`partner_id`, `partner_comp_id`, `partner_name`, `is_favor`, `comp_id`, `comp_name`, `partner_level_id`, `partner_memo`, `partner_type`, `sort`, `version`, `partner_arrears`, `partner_discount`, `mobile`, `created_at`, `updated_at`, `created_person_id`, `updated_person_id`, `is_deleted`, `partner_linkman`, `province`, `city`, `zone`, `partner_address`, `bank_name`, `bank_account_name`, `bank_account_number`, `mail`, `fax`, `head_portrait_address`, `tel`, `last_contact_time`, `consumption_times`, `wechat_nickname`, `forbidden`, `member_no`, `shopping_guide_id`, `store_id`, `sex`, `birthday`, `total_transaction_amount`, `is_can_edit`, `is_default`) VALUES ('71806441203', '1202', '杭州海草服饰有限公司', '0', '1203', '0', '0', '', '0', '1', '0', '4327700', '0', '15542125613', '20180727111357', '20180727162921', '138483', '138483', '0', '演示二批批发商', '', '', '', '', '', '', '', '', '', '', '', '20180727162921', '4', '', '0', '', '0', '0', '0', '', '0', '1', '0');
INSERT INTO `comp_central`.`baseinfo_company_partner_6` (`partner_id`, `partner_comp_id`, `partner_name`, `is_favor`, `comp_id`, `comp_name`, `partner_level_id`, `partner_memo`, `partner_type`, `sort`, `version`, `partner_arrears`, `partner_discount`, `mobile`, `created_at`, `updated_at`, `created_person_id`, `updated_person_id`, `is_deleted`, `partner_linkman`, `province`, `city`, `zone`, `partner_address`, `bank_name`, `bank_account_name`, `bank_account_number`, `mail`, `fax`, `head_portrait_address`, `tel`, `last_contact_time`, `consumption_times`, `wechat_nickname`, `forbidden`, `member_no`, `shopping_guide_id`, `store_id`, `sex`, `birthday`, `total_transaction_amount`, `is_can_edit`, `is_default`) VALUES ('71804681203', '0', '散客', '0', '1203', '0', '0', '', '2', '1', '0', '0', '0', '', '20180725160808', '20180725160808', '0', '0', '0', '散客', '', '', '', '', '', '', '', '', '', '', '', '0', '0', '', '0', '', '0', '0', '0', '', '0', '0', '1');
INSERT INTO `comp_central`.`baseinfo_company_partner_6` (`partner_id`, `partner_comp_id`, `partner_name`, `is_favor`, `comp_id`, `comp_name`, `partner_level_id`, `partner_memo`, `partner_type`, `sort`, `version`, `partner_arrears`, `partner_discount`, `mobile`, `created_at`, `updated_at`, `created_person_id`, `updated_person_id`, `is_deleted`, `partner_linkman`, `province`, `city`, `zone`, `partner_address`, `bank_name`, `bank_account_name`, `bank_account_number`, `mail`, `fax`, `head_portrait_address`, `tel`, `last_contact_time`, `consumption_times`, `wechat_nickname`, `forbidden`, `member_no`, `shopping_guide_id`, `store_id`, `sex`, `birthday`, `total_transaction_amount`, `is_can_edit`, `is_default`) VALUES ('71811771203', '0', '散客', '0', '1203', '0', '0', '', '2', '1', '0', '0', '0', '', '20180727204425', '20180727204425', '0', '0', '0', '散客', '', '', '', '', '', '', '', '', '', '', '', '0', '0', '', '0', '', '0', '0', '0', '', '0', '0', '1');
INSERT INTO `comp_central`.`baseinfo_company_partner_6` (`partner_id`, `partner_comp_id`, `partner_name`, `is_favor`, `comp_id`, `comp_name`, `partner_level_id`, `partner_memo`, `partner_type`, `sort`, `version`, `partner_arrears`, `partner_discount`, `mobile`, `created_at`, `updated_at`, `created_person_id`, `updated_person_id`, `is_deleted`, `partner_linkman`, `province`, `city`, `zone`, `partner_address`, `bank_name`, `bank_account_name`, `bank_account_number`, `mail`, `fax`, `head_portrait_address`, `tel`, `last_contact_time`, `consumption_times`, `wechat_nickname`, `forbidden`, `member_no`, `shopping_guide_id`, `store_id`, `sex`, `birthday`, `total_transaction_amount`, `is_can_edit`, `is_default`) VALUES ('71806491203', '0', '章小月', '0', '1203', '0', '188581203', '', '2', '1', '0', '0', '0', '15221684123', '20180727111639', '20180727111639', '138483', '138483', '0', '章小月', '浙江省', '杭州市', '西湖区', '', '', '', '', '', '', '', '', '20180727162850', '2', '', '0', '71806491203', '138483', '344911203', '2', '', '0', '1', '0');

#角色数据
SELECT * from baseinfo_company_role_1 where comp_id in (1201,1202,1203);
INSERT INTO `comp_central`.`baseinfo_company_role_1` (`role_id`, `role_name`, `role_no`, `role_memo`, `role_rights`, `role_sort`, `is_hide`, `comp_id`, `created_at`, `updated_at`, `created_person_id`, `updated_person_id`, `is_deleted`, `is_default`) VALUES ('71287141201', '合伙人', '1', '合伙人', '[{\"clId\":2,\"ctId\":2,\"func\":\"257,260,263,266,65,66,67,68,73,75,76,77,78,79,82,83,84,85,86,94,236,238,240,242,95,96,97,98,99,100,101,102,103,104,105,106,107,108,109,110,111,112,113,114,115,270,116,117,118,119,120,121,122,192,214,217,220,223,225,229,245,251,254\"},{\"clId\":2,\"ctId\":1,\"func\":\"256,2,3,259,4,5,6,262,265,14,15,16,17,18,20,268,22,23,24,25,26,35,232,233,234,235,247,36,37,38,39,40,41,42,43,44,45,46,47,48,49,50,51,52,53,54,55,56,269,57,58,59,60,61,62,63,191,213,216,219,222,224,228,244,250,253\"},{\"clId\":2,\"ctId\":3,\"func\":\"258,261,264,267,124,125,126,127,132,134,135,136,137,138,139,146,147,148,149,150,151,153,237,239,241,243,154,155,156,157,158,159,160,161,162,163,164,165,166,168,169,170,171,172,173,174,271,175,176,177,179,180,182,186,187,188,194,195,215,218,221,226,227,230,246,252\"}]', '1', '0', '1201', '20180725160738', '20180725160738', '0', '2429', '0', '1');
INSERT INTO `comp_central`.`baseinfo_company_role_1` (`role_id`, `role_name`, `role_no`, `role_memo`, `role_rights`, `role_sort`, `is_hide`, `comp_id`, `created_at`, `updated_at`, `created_person_id`, `updated_person_id`, `is_deleted`, `is_default`) VALUES ('71287191201', '面辅料管理员', '13', '面辅料管理员', '[{\"clId\":2,\"ctId\":1,\"func\":\"2,20,42,43,44,46,55,56,57,59,204\"}]', '1', '1', '1201', '20180725160738', '20180725160738', '2429', '2429', '0', '1');
INSERT INTO `comp_central`.`baseinfo_company_role_1` (`role_id`, `role_name`, `role_no`, `role_memo`, `role_rights`, `role_sort`, `is_hide`, `comp_id`, `created_at`, `updated_at`, `created_person_id`, `updated_person_id`, `is_deleted`, `is_default`) VALUES ('71287151201', '店长', '2', '店长', '[{\"clId\":2,\"ctId\":2,\"func\":\"257,260,263,266,66,67,68,69,82,83,84,85,86,93,94,236,238,240,95,96,97,98,99,100,101,102,103,104,105,106,107,108,109,111,112,113,114,115,116,117,118,119,120,121,122,192,223,225,245\"},{\"clId\":2,\"ctId\":3,\"func\":\"258,261,264,267,126,128,129,130,133,146,147,148,149,150,151,152,153,237,239,241,154,155,156,157,158,159,160,161,162,163,164,165,166,168,170,171,172,173,174,175,176,177,179,180,182,186,187,188,194,195,226,227,246\"},{\"clId\":2,\"ctId\":1,\"func\":\"256,259,4,5,6,262,7,265,20,22,23,24,25,26,34,35,232,233,234,36,37,38,39,40,41,42,43,44,45,46,47,48,49,50,52,53,54,55,56,57,58,59,60,61,62,63,191,222,224,244\"}]', '1', '1', '1201', '20180725160738', '20180725160738', '0', '2429', '0', '1');
INSERT INTO `comp_central`.`baseinfo_company_role_1` (`role_id`, `role_name`, `role_no`, `role_memo`, `role_rights`, `role_sort`, `is_hide`, `comp_id`, `created_at`, `updated_at`, `created_person_id`, `updated_person_id`, `is_deleted`, `is_default`) VALUES ('71287161201', '店员', '3', '店员', '[{\"clId\":2,\"ctId\":1,\"func\":\"256,259,5,7,8,9,265,10,20,22,34,35,232,233,36,37,40,42,43,44,46,60,61,62,191,222,224\"},{\"clId\":2,\"ctId\":2,\"func\":\"67,69,70,71,72,82,93,94,236,238,95,96,99,101,102,103,105,119,120,121,192,223,225,257,260,266\"},{\"clId\":2,\"ctId\":3,\"func\":\"139,126,128,129,130,133,146,147,149,152,153,237,239,241,154,155,158,160,161,162,164,179,180,186,187,188,195,226,258,261,267\"}]', '1', '1', '1201', '20180725160738', '20180725160738', '0', '1017', '0', '1');
INSERT INTO `comp_central`.`baseinfo_company_role_1` (`role_id`, `role_name`, `role_no`, `role_memo`, `role_rights`, `role_sort`, `is_hide`, `comp_id`, `created_at`, `updated_at`, `created_person_id`, `updated_person_id`, `is_deleted`, `is_default`) VALUES ('71287171201', '工厂管理员', '4', '工厂管理员', '[{\"ctId\":1,\"clId\":2,\"func\":\"256,2,259,5,262,265,14,15,16,17,18,20,268,35,233,234,235,247,36,37,38,39,40,41,42,43,44,46,55,56,269,57,59,204,207,210,213,216,219,228,250,253\"}]', '1', '1', '1201', '20180725160738', '20180725160738', '0', '2429', '0', '1');
INSERT INTO `comp_central`.`baseinfo_company_role_1` (`role_id`, `role_name`, `role_no`, `role_memo`, `role_rights`, `role_sort`, `is_hide`, `comp_id`, `created_at`, `updated_at`, `created_person_id`, `updated_person_id`, `is_deleted`, `is_default`) VALUES ('71287181201', '商品管理员', '5', '商品管理员', '[{\"ctId\":1,\"clId\":2,\"func\":\"256,2,259,5,262,265,14,15,16,17,18,20,35,233,234,235,247,36,37,38,39,40,41,42,43,44,46,55,56,269,57,59,204,207,210,213,216,219,228,250,253\"},{\"ctId\":2,\"clId\":2,\"func\":\"257,260,263,266,67,75,76,77,78,79,94,238,240,242,95,96,97,98,99,100,101,102,103,105,114,115,270,116,118,202,205,208,211,214,217,220,229\"},{\"ctId\":3,\"clId\":2,\"func\":\"258,261,264,267,126,134,135,136,137,138,153,239,241,243,154,155,156,157,158,159,160,161,162,164,173,174,271,175,203,206,209,212,215,218,221,230\"}]', '1', '0', '1201', '20180725160738', '20180725160738', '0', '2429', '0', '1');

SELECT * from baseinfo_company_role_2 where comp_id in (1201,1202,1203);
INSERT INTO `comp_central`.`baseinfo_company_role_2` (`role_id`, `role_name`, `role_no`, `role_memo`, `role_rights`, `role_sort`, `is_hide`, `comp_id`, `created_at`, `updated_at`, `created_person_id`, `updated_person_id`, `is_deleted`, `is_default`) VALUES ('71287201202', '合伙人', '1', '合伙人', '[{\"clId\":2,\"ctId\":2,\"func\":\"257,260,263,266,65,66,67,68,73,75,76,77,78,79,82,83,84,85,86,94,236,238,240,242,95,96,97,98,99,100,101,102,103,104,105,106,107,108,109,110,111,112,113,114,115,270,116,117,118,119,120,121,122,192,214,217,220,223,225,229,245,251,254\"},{\"clId\":2,\"ctId\":1,\"func\":\"256,2,3,259,4,5,6,262,265,14,15,16,17,18,20,268,22,23,24,25,26,35,232,233,234,235,247,36,37,38,39,40,41,42,43,44,45,46,47,48,49,50,51,52,53,54,55,56,269,57,58,59,60,61,62,63,191,213,216,219,222,224,228,244,250,253\"},{\"clId\":2,\"ctId\":3,\"func\":\"258,261,264,267,124,125,126,127,132,134,135,136,137,138,139,146,147,148,149,150,151,153,237,239,241,243,154,155,156,157,158,159,160,161,162,163,164,165,166,168,169,170,171,172,173,174,271,175,176,177,179,180,182,186,187,188,194,195,215,218,221,226,227,230,246,252\"}]', '1', '0', '1202', '20180725160803', '20180725160803', '0', '2429', '0', '1');
INSERT INTO `comp_central`.`baseinfo_company_role_2` (`role_id`, `role_name`, `role_no`, `role_memo`, `role_rights`, `role_sort`, `is_hide`, `comp_id`, `created_at`, `updated_at`, `created_person_id`, `updated_person_id`, `is_deleted`, `is_default`) VALUES ('71287211202', '店长', '2', '店长', '[{\"clId\":2,\"ctId\":2,\"func\":\"257,260,263,266,66,67,68,69,82,83,84,85,86,93,94,236,238,240,95,96,97,98,99,100,101,102,103,104,105,106,107,108,109,111,112,113,114,115,116,117,118,119,120,121,122,192,223,225,245\"},{\"clId\":2,\"ctId\":3,\"func\":\"258,261,264,267,126,128,129,130,133,146,147,148,149,150,151,152,153,237,239,241,154,155,156,157,158,159,160,161,162,163,164,165,166,168,170,171,172,173,174,175,176,177,179,180,182,186,187,188,194,195,226,227,246\"},{\"clId\":2,\"ctId\":1,\"func\":\"256,259,4,5,6,262,7,265,20,22,23,24,25,26,34,35,232,233,234,36,37,38,39,40,41,42,43,44,45,46,47,48,49,50,52,53,54,55,56,57,58,59,60,61,62,63,191,222,224,244\"}]', '1', '1', '1202', '20180725160803', '20180725160803', '0', '2429', '0', '1');
INSERT INTO `comp_central`.`baseinfo_company_role_2` (`role_id`, `role_name`, `role_no`, `role_memo`, `role_rights`, `role_sort`, `is_hide`, `comp_id`, `created_at`, `updated_at`, `created_person_id`, `updated_person_id`, `is_deleted`, `is_default`) VALUES ('71287221202', '店员', '3', '店员', '[{\"clId\":2,\"ctId\":1,\"func\":\"256,259,5,7,8,9,265,10,20,22,34,35,232,233,36,37,40,42,43,44,46,60,61,62,191,222,224\"},{\"clId\":2,\"ctId\":2,\"func\":\"67,69,70,71,72,82,93,94,236,238,95,96,99,101,102,103,105,119,120,121,192,223,225,257,260,266\"},{\"clId\":2,\"ctId\":3,\"func\":\"139,126,128,129,130,133,146,147,149,152,153,237,239,241,154,155,158,160,161,162,164,179,180,186,187,188,195,226,258,261,267\"}]', '1', '1', '1202', '20180725160803', '20180725160803', '0', '1017', '0', '1');
INSERT INTO `comp_central`.`baseinfo_company_role_2` (`role_id`, `role_name`, `role_no`, `role_memo`, `role_rights`, `role_sort`, `is_hide`, `comp_id`, `created_at`, `updated_at`, `created_person_id`, `updated_person_id`, `is_deleted`, `is_default`) VALUES ('71287231202', '商品管理员', '5', '商品管理员', '[{\"ctId\":1,\"clId\":2,\"func\":\"256,2,259,5,262,265,14,15,16,17,18,20,35,233,234,235,247,36,37,38,39,40,41,42,43,44,46,55,56,269,57,59,204,207,210,213,216,219,228,250,253\"},{\"ctId\":2,\"clId\":2,\"func\":\"257,260,263,266,67,75,76,77,78,79,94,238,240,242,95,96,97,98,99,100,101,102,103,105,114,115,270,116,118,202,205,208,211,214,217,220,229\"},{\"ctId\":3,\"clId\":2,\"func\":\"258,261,264,267,126,134,135,136,137,138,153,239,241,243,154,155,156,157,158,159,160,161,162,164,173,174,271,175,203,206,209,212,215,218,221,230\"}]', '1', '0', '1202', '20180725160803', '20180725160803', '0', '2429', '0', '1');

SELECT * from baseinfo_company_role_3 where comp_id in (1201,1202,1203);
INSERT INTO `comp_central`.`baseinfo_company_role_3` (`role_id`, `role_name`, `role_no`, `role_memo`, `role_rights`, `role_sort`, `is_hide`, `comp_id`, `created_at`, `updated_at`, `created_person_id`, `updated_person_id`, `is_deleted`, `is_default`) VALUES ('71287241203', '合伙人', '1', '合伙人', '[{\"clId\":2,\"ctId\":2,\"func\":\"257,260,263,266,65,66,67,68,73,75,76,77,78,79,82,83,84,85,86,94,236,238,240,242,95,96,97,98,99,100,101,102,103,104,105,106,107,108,109,110,111,112,113,114,115,270,116,117,118,119,120,121,122,192,214,217,220,223,225,229,245,251,254\"},{\"clId\":2,\"ctId\":1,\"func\":\"256,2,3,259,4,5,6,262,265,14,15,16,17,18,20,268,22,23,24,25,26,35,232,233,234,235,247,36,37,38,39,40,41,42,43,44,45,46,47,48,49,50,51,52,53,54,55,56,269,57,58,59,60,61,62,63,191,213,216,219,222,224,228,244,250,253\"},{\"clId\":2,\"ctId\":3,\"func\":\"258,261,264,267,124,125,126,127,132,134,135,136,137,138,139,146,147,148,149,150,151,153,237,239,241,243,154,155,156,157,158,159,160,161,162,163,164,165,166,168,169,170,171,172,173,174,271,175,176,177,179,180,182,186,187,188,194,195,215,218,221,226,227,230,246,252\"}]', '1', '0', '1203', '20180725160808', '20180725160808', '0', '2429', '0', '1');
INSERT INTO `comp_central`.`baseinfo_company_role_3` (`role_id`, `role_name`, `role_no`, `role_memo`, `role_rights`, `role_sort`, `is_hide`, `comp_id`, `created_at`, `updated_at`, `created_person_id`, `updated_person_id`, `is_deleted`, `is_default`) VALUES ('71287251203', '店长', '2', '店长', '[{\"clId\":2,\"ctId\":2,\"func\":\"257,260,263,266,66,67,68,69,82,83,84,85,86,93,94,236,238,240,95,96,97,98,99,100,101,102,103,104,105,106,107,108,109,111,112,113,114,115,116,117,118,119,120,121,122,192,223,225,245\"},{\"clId\":2,\"ctId\":3,\"func\":\"258,261,264,267,126,128,129,130,133,146,147,148,149,150,151,152,153,237,239,241,154,155,156,157,158,159,160,161,162,163,164,165,166,168,170,171,172,173,174,175,176,177,179,180,182,186,187,188,194,195,226,227,246\"},{\"clId\":2,\"ctId\":1,\"func\":\"256,259,4,5,6,262,7,265,20,22,23,24,25,26,34,35,232,233,234,36,37,38,39,40,41,42,43,44,45,46,47,48,49,50,52,53,54,55,56,57,58,59,60,61,62,63,191,222,224,244\"}]', '1', '1', '1203', '20180725160808', '20180725160808', '0', '2429', '0', '1');
INSERT INTO `comp_central`.`baseinfo_company_role_3` (`role_id`, `role_name`, `role_no`, `role_memo`, `role_rights`, `role_sort`, `is_hide`, `comp_id`, `created_at`, `updated_at`, `created_person_id`, `updated_person_id`, `is_deleted`, `is_default`) VALUES ('71287261203', '店员', '3', '店员', '[{\"clId\":2,\"ctId\":1,\"func\":\"256,259,5,7,8,9,265,10,20,22,34,35,232,233,36,37,40,42,43,44,46,60,61,62,191,222,224\"},{\"clId\":2,\"ctId\":2,\"func\":\"67,69,70,71,72,82,93,94,236,238,95,96,99,101,102,103,105,119,120,121,192,223,225,257,260,266\"},{\"clId\":2,\"ctId\":3,\"func\":\"139,126,128,129,130,133,146,147,149,152,153,237,239,241,154,155,158,160,161,162,164,179,180,186,187,188,195,226,258,261,267\"}]', '1', '1', '1203', '20180725160808', '20180725160808', '0', '1017', '0', '1');
INSERT INTO `comp_central`.`baseinfo_company_role_3` (`role_id`, `role_name`, `role_no`, `role_memo`, `role_rights`, `role_sort`, `is_hide`, `comp_id`, `created_at`, `updated_at`, `created_person_id`, `updated_person_id`, `is_deleted`, `is_default`) VALUES ('71287271203', '商品管理员', '5', '商品管理员', '[{\"ctId\":1,\"clId\":2,\"func\":\"256,2,259,5,262,265,14,15,16,17,18,20,35,233,234,235,247,36,37,38,39,40,41,42,43,44,46,55,56,269,57,59,204,207,210,213,216,219,228,250,253\"},{\"ctId\":2,\"clId\":2,\"func\":\"257,260,263,266,67,75,76,77,78,79,94,238,240,242,95,96,97,98,99,100,101,102,103,105,114,115,270,116,118,202,205,208,211,214,217,220,229\"},{\"ctId\":3,\"clId\":2,\"func\":\"258,261,264,267,126,134,135,136,137,138,153,239,241,243,154,155,156,157,158,159,160,161,162,164,173,174,271,175,203,206,209,212,215,218,221,230\"}]', '1', '0', '1203', '20180725160808', '20180725160808', '0', '2429', '0', '1');

